timestamp,open,high,low,close,volume
1609718400,32810.94921875,33440.21875,28722.755859375,31971.9140625,81163475344
1609804800,31977.041015625,34437.58984375,30221.1875,33992.4296875,67547324782
1609891200,34013.61328125,36879.69921875,33514.03515625,36824.36328125,75289433811
1609977600,36833.875,40180.3671875,36491.19140625,39371.04296875,84762141031
1610064000,39381.765625,41946.73828125,36838.63671875,40797.609375,88107519480
1610150400,40788.640625,41436.3515625,38980.875,40254.546875,61984162837
1610236800,40254.21875,41420.19140625,35984.62890625,38356.44140625,79980747690
1610323200,38346.53125,38346.53125,30549.599609375,35566.65625,123320567399
1610409600,35516.359375,36568.52734375,32697.9765625,33922.9609375,74773277909
1610496000,33915.12109375,37599.9609375,32584.66796875,37316.359375,69364315979
1610582400,37325.109375,39966.40625,36868.5625,39187.328125,63615990033
1610668800,39156.70703125,39577.7109375,34659.58984375,36825.3671875,67760757881
1610755200,36821.6484375,37864.3671875,35633.5546875,36178.140625,57706187875
1610841600,36163.6484375,36722.3515625,34069.3203125,35791.27734375,52359854336
1610928000,35792.23828125,37299.28515625,34883.84375,36630.07421875,49511702429
1611014400,36642.234375,37755.890625,36069.8046875,36069.8046875,57244195486
1611100800,36050.11328125,36378.328125,33570.4765625,35547.75,66834573161
1611187200,35549.3984375,35552.6796875,30250.75,30825.69921875,75643067688
1611273600,30817.625,33811.8515625,28953.373046875,33005.76171875,77207272511
1611360000,32985.7578125,33360.9765625,31493.16015625,32067.642578125,48354737975
1611446400,32064.376953125,32944.0078125,31106.685546875,32289.37890625,48643830599
1611532800,32285.798828125,34802.7421875,32087.787109375,32366.392578125,59897054838
1611619200,32358.61328125,32794.55078125,31030.265625,32569.849609375,60255421470
1611705600,32564.029296875,32564.029296875,29367.138671875,30432.546875,62576762015
1611792000,30441.041015625,33858.3125,30023.20703125,33466.09765625,76517157706
1611878400,34318.671875,38406.26171875,32064.814453125,34316.38671875,117894572511
1611964800,34295.93359375,34834.70703125,32940.1875,34269.5234375,65141828798
1612051200,34270.87890625,34288.33203125,32270.17578125,33114.359375,52754542671
1612137600,33114.578125,34638.21484375,32384.228515625,33537.17578125,61400400660
1612224000,33533.19921875,35896.8828125,33489.21875,35510.2890625,63088585433
1612310400,35510.8203125,37480.1875,35443.984375,37472.08984375,61166818159
1612396800,37475.10546875,38592.17578125,36317.5,36926.06640625,68838074392
1612483200,36931.546875,38225.90625,36658.76171875,38144.30859375,58598066402
1612569600,38138.38671875,40846.546875,38138.38671875,39266.01171875,71326033653
1612656000,39250.19140625,39621.8359375,37446.15234375,38903.44140625,65500641143
1612742400,38886.828125,46203.9296875,38076.32421875,46196.46484375,101467222687
1612828800,46184.9921875,48003.72265625,45166.9609375,46481.10546875,91809846886
1612915200,46469.76171875,47145.56640625,43881.15234375,44918.18359375,87301089896
1613001600,44898.7109375,48463.46875,44187.76171875,47909.33203125,81388911810
1613088000,47877.03515625,48745.734375,46424.9765625,47504.8515625,76555041196
1613174400,47491.203125,48047.74609375,46392.28125,47105.515625,70250456155
1613260800,47114.5078125,49487.640625,47114.5078125,48717.2890625,71248675228
1613347200,48696.53515625,48875.5703125,46347.4765625,47945.05859375,77069903166
1613433600,47944.45703125,50341.1015625,47201.3046875,49199.87109375,77049582886
1613520000,49207.27734375,52533.9140625,49072.37890625,52149.0078125,80820545404
1613606400,52140.97265625,52474.10546875,51015.765625,51679.796875,52054723579
1613692800,51675.98046875,56113.65234375,50937.27734375,55888.1328125,63495496918
1613779200,55887.3359375,57505.2265625,54626.55859375,56099.51953125,68145460026
1613865600,56068.56640625,58330.5703125,55672.609375,57539.9453125,51897585191
1613952000,57532.73828125,57533.390625,48967.56640625,54207.3203125,92052420332
1614038400,54204.9296875,54204.9296875,45290.58984375,48824.42578125,106102492824
1614124800,48835.0859375,51290.13671875,47213.5,49705.33203125,63695521388
1614211200,49709.08203125,51948.96875,47093.8515625,47093.8515625,54506565949
1614297600,47180.46484375,48370.78515625,44454.84375,46339.76171875,350967941479
1614384000,46344.7734375,48253.26953125,45269.02734375,46188.453125,45910946382
1614470400,46194.015625,46716.4296875,43241.6171875,45137.76953125,53443887451
1614556800,45159.50390625,49784.015625,45115.09375,49631.2421875,53891300112
1614643200,49612.10546875,50127.51171875,47228.84375,48378.98828125,47530897720
1614729600,48415.81640625,52535.13671875,48274.3203125,50538.2421875,53220811975
1614816000,50522.3046875,51735.08984375,47656.9296875,48561.16796875,52343816680
1614902400,48527.03125,49396.4296875,46542.515625,48927.3046875,48625928883
1614988800,48899.23046875,49147.21875,47257.52734375,48912.3828125,34363564661
1615075200,48918.6796875,51384.3671875,48918.6796875,51206.69140625,43137459378
1615161600,51174.1171875,52314.0703125,49506.0546875,52246.5234375,48597428048
1615248000,52272.96875,54824.1171875,51981.83203125,54824.1171875,50912227385
1615334400,54824.01171875,57258.25390625,53290.890625,56008.55078125,57295577614
1615420800,55963.1796875,58091.0625,54484.59375,57805.12109375,56772343595
1615507200,57821.21875,57996.62109375,55376.6484375,57332.08984375,55689944702
1615593600,57343.37109375,61683.86328125,56217.97265625,61243.0859375,60669829814
1615680000,61221.1328125,61597.91796875,59302.31640625,59302.31640625,43901225564
1615766400,59267.4296875,60540.9921875,55393.1640625,55907.19921875,66419369890
1615852800,55840.78515625,56833.1796875,53555.02734375,56804.90234375,59749798599
1615939200,56825.828125,58969.81640625,54528.62890625,58870.89453125,60258313191
1616025600,58893.078125,60116.25,54253.578125,57858.921875,55746041000
1616112000,57850.44140625,59498.375,56643.703125,58346.65234375,49063873786
1616198400,58332.26171875,60031.28515625,58213.296875,58313.64453125,50361731222
1616284800,58309.9140625,58767.8984375,56005.6171875,57523.421875,51943414539
1616371200,57517.890625,58471.48046875,54288.15625,54529.14453125,56521454974
1616457600,54511.66015625,55985.44140625,53470.6953125,54738.9453125,56435023914
1616544000,54710.48828125,57262.3828125,52514.33203125,52774.265625,70567223787
1616630400,52726.74609375,53392.38671875,50856.5703125,51704.16015625,67999812841
1616716800,51683.01171875,55137.3125,51579.85546875,55137.3125,56652197978
1616803200,55137.56640625,56568.21484375,54242.91015625,55973.51171875,47266542233
1616889600,55974.94140625,56610.3125,55071.11328125,55950.74609375,47686580918
1616976000,55947.8984375,58342.09765625,55139.33984375,57750.19921875,57625587027
1617062400,57750.1328125,59447.22265625,57251.55078125,58917.69140625,54414116432
1617148800,58930.27734375,59930.02734375,57726.41796875,58918.83203125,65520826225
1617235200,58926.5625,59586.0703125,58505.27734375,59095.80859375,61669163792
1617321600,59098.87890625,60267.1875,58869.28125,59384.3125,58727860620
1617408000,59397.41015625,60110.26953125,57603.890625,57603.890625,59641344484
1617494400,57604.83984375,58913.74609375,57168.67578125,58758.5546875,50749662970
1617580800,58760.875,59891.296875,57694.82421875,59057.87890625,60706272115
1617667200,59171.93359375,59479.578125,57646.80859375,58192.359375,66058027988
1617753600,58186.5078125,58731.14453125,55604.0234375,56048.9375,75645303584
1617840000,56099.9140625,58338.73828125,55879.0859375,58323.953125,53053855641
1617926400,58326.5625,58937.046875,57807.86328125,58245.00390625,46655208546
1618012800,58253.77734375,61276.6640625,58038.70703125,59793.234375,58238470525
1618099200,59846.23046875,60790.5546875,59289.796875,60204.96484375,46280252580
1618185600,60175.9453125,61253.03515625,59589.875,59893.453125,51828688519
1618272000,59890.01953125,63742.28515625,59869.95703125,63503.45703125,69983454362
1618358400,63523.75390625,64863.09765625,61554.796875,63109.6953125,77451779687
1618444800,63075.1953125,63821.671875,62208.96484375,63314.01171875,60954381579
1618531200,63258.50390625,63594.72265625,60222.53125,61572.7890625,84293007468
1618617600,61529.921875,62572.17578125,60361.3515625,60683.8203125,66138759198
1618704000,60701.88671875,61057.45703125,52829.53515625,56216.18359375,97468872758
1618790400,56191.5859375,57520.0546875,54368.59375,55724.265625,65344865159
1618876800,55681.79296875,57062.1484375,53448.046875,56473.03125,67849323955
1618963200,56471.12890625,56757.97265625,53695.46875,53906.08984375,54926612466
1619049600,53857.10546875,55410.23046875,50583.8125,51762.2734375,74798630778
1619136000,51739.80859375,52120.79296875,47714.6640625,51093.65234375,86668667320
1619222400,51143.2265625,51167.5625,48805.28515625,50050.8671875,49014494781
1619308800,50052.83203125,50506.01953125,47159.484375,49004.25390625,46117114240
1619395200,49077.79296875,54288.00390625,48852.796875,54021.75390625,58284039825
1619481600,54030.3046875,55416.96484375,53319.1875,55033.1171875,49448222757
1619568000,55036.63671875,56227.20703125,53887.91796875,54824.703125,48000572955
1619654400,54858.08984375,55115.84375,52418.02734375,53555.109375,46088929780
1619740800,53568.6640625,57900.71875,53129.6015625,57750.17578125,52395931985
1619827200,57714.6640625,58448.33984375,57052.2734375,57828.05078125,42836427360
1619913600,57825.86328125,57902.59375,56141.90625,56631.078125,38177405335
1620000000,56620.2734375,58973.30859375,56590.87109375,57200.29296875,51713139031
1620086400,57214.1796875,57214.1796875,53191.42578125,53333.5390625,68564706967
1620172800,53252.1640625,57911.36328125,52969.0546875,57424.0078125,69241316747
1620259200,57441.30859375,58363.31640625,55382.5078125,56396.515625,69523285106
1620345600,56413.953125,58606.6328125,55321.84765625,57356.40234375,68434023376
1620432000,57352.765625,59464.61328125,56975.2109375,58803.77734375,65382980634
1620518400,58877.390625,59210.8828125,56482.00390625,58232.31640625,65906690347
1620604800,58250.87109375,59519.35546875,54071.45703125,55859.796875,71776546298
1620691200,55847.2421875,56872.54296875,54608.65234375,56704.57421875,61308396325
1620777600,56714.53125,57939.36328125,49150.53515625,49150.53515625,75215403907
1620864000,49735.43359375,51330.84375,46980.01953125,49716.19140625,96721152926
1620950400,49682.98046875,51438.1171875,48868.578125,49880.53515625,55737497453
1621036800,49855.49609375,50639.6640625,46664.140625,46760.1875,59161047474
1621123200,46716.63671875,49720.04296875,43963.3515625,46456.05859375,64047871555
1621209600,46415.8984375,46623.55859375,42207.2890625,43537.51171875,74903638450
1621296000,43488.05859375,45812.45703125,42367.83203125,42909.40234375,56187365084
1621382400,42944.9765625,43546.1171875,30681.49609375,37002.44140625,126358098747
1621468800,36753.66796875,42462.984375,35050.6171875,40782.73828125,88281943359
1621555200,40596.94921875,42172.171875,33616.453125,37304.69140625,82051616861
1621641600,37371.03125,38831.0546875,35383.68359375,37536.6328125,57377273240
1621728000,37531.44921875,38289.21875,31227.33984375,34770.58203125,78469274361
1621814400,34700.36328125,39835.140625,34551.08203125,38705.98046875,67359584098
1621900800,38795.78125,39776.3515625,36581.4296875,38402.22265625,56211915803
1621987200,38392.625,40782.078125,37905.8359375,39294.19921875,51346735160
1622073600,39316.890625,40379.6171875,37247.90234375,38436.96875,43210968721
1622160000,38507.08203125,38856.96875,34779.0390625,35697.60546875,55200191952
1622246400,35684.15625,37234.5,33693.9296875,34616.06640625,45231013335
1622332800,34607.40625,36400.66796875,33520.73828125,35678.12890625,31646080921
1622419200,35658.59375,37468.25,34241.9453125,37332.85546875,39009847639
1622505600,37293.79296875,37896.734375,35787.0859375,36684.92578125,34639423297
1622592000,36699.921875,38231.33984375,35966.30859375,37575.1796875,33070867190
1622678400,37599.41015625,39478.953125,37243.97265625,39208.765625,35460750427
1622764800,39242.484375,39242.484375,35717.72265625,36894.40625,41831090187
1622851200,36880.15625,37917.71484375,34900.4140625,35551.95703125,35959473399
1622937600,35538.609375,36436.421875,35304.578125,35862.37890625,28913440585
1623024000,35835.265625,36790.5703125,33480.640625,33560.70703125,33683936663
1623110400,33589.51953125,34017.38671875,31114.443359375,33472.6328125,49902050442
1623196800,33416.9765625,37537.37109375,32475.865234375,37345.12109375,53972919008
1623283200,37389.515625,38334.32421875,35847.59375,36702.59765625,43576032854
1623369600,36697.03125,37608.6953125,36044.44921875,37334.3984375,38699736985
1623456000,37340.14453125,37408.92578125,34728.19140625,35552.515625,37924228550
1623542400,35555.7890625,39322.78125,34864.109375,39097.859375,40669112838
1623628800,39016.96875,40978.36328125,38757.28515625,40218.4765625,43148914673
1623715200,40427.16796875,41295.26953125,39609.46875,40406.26953125,46420149185
1623801600,40168.69140625,40516.77734375,38176.03515625,38347.0625,39211635100
1623888000,38341.421875,39513.671875,37439.67578125,38053.50390625,37096670047
1623974400,38099.4765625,38187.26171875,35255.85546875,35787.24609375,36200887275
1624060800,35854.52734375,36457.796875,34933.0625,35615.87109375,31207279719
1624147200,35563.140625,36059.484375,33432.07421875,35698.296875,36664034054
1624233600,35641.14453125,35721.640625,31295.935546875,31676.693359375,52809038594
1624320000,31622.376953125,33292.453125,28893.62109375,32505.66015625,58964353058
1624406400,32515.71484375,34753.41015625,31772.6328125,33723.02734375,46317108925
1624492800,33682.80078125,35228.8515625,32385.21484375,34662.4375,33123368116
1624579200,34659.10546875,35487.24609375,31350.884765625,31637.779296875,40230904226
1624665600,31594.6640625,32637.587890625,30184.501953125,32186.27734375,38585385521
1624752000,32287.5234375,34656.12890625,32071.7578125,34649.64453125,35511640894
1624838400,34679.12109375,35219.890625,33902.07421875,34434.3359375,33892523752
1624924800,34475.55859375,36542.109375,34252.484375,35867.77734375,37901460044
1625011200,35908.38671875,36074.7578125,34086.15234375,35040.8359375,34059036099
1625097600,35035.984375,35035.984375,32883.78125,33572.1171875,37838957079
1625184000,33549.6015625,33939.58984375,32770.6796875,33897.046875,38728974942
1625270400,33854.421875,34909.26171875,33402.6953125,34668.546875,24383958643
1625356800,34665.56640625,35937.56640625,34396.4765625,35287.78125,24924307911
1625443200,35284.34375,35284.34375,33213.66015625,33746.00390625,26721554282
1625529600,33723.5078125,35038.53515625,33599.91796875,34235.1953125,26501259870
1625616000,34225.6796875,34997.6640625,33839.2890625,33855.328125,24796027477
1625702400,33889.60546875,33907.90625,32133.18359375,32877.37109375,29910396946
1625788800,32861.671875,34042.29296875,32318.880859375,33798.01171875,27436021028
1625875200,33811.2421875,34209.0703125,33116.01171875,33520.51953125,22971873468
1625961600,33509.078125,34584.703125,33346.73828125,34240.1875,20108729370
1626048000,34254.015625,34592.15625,32697.30859375,33155.84765625,24321499537
1626134400,33125.46875,33327.1015625,32261.419921875,32702.025390625,19120856669
1626220800,32723.845703125,33061.3984375,31639.125,32822.34765625,21376531210
1626307200,32827.875,33159.640625,31175.708984375,31780.73046875,21300524237
1626393600,31841.55078125,32218.40625,31100.673828125,31421.5390625,23699476918
1626480000,31397.30859375,31935.9453125,31223.990234375,31533.068359375,18895018942
1626566400,31533.884765625,32398.99609375,31215.4921875,31796.810546875,18787986667
1626652800,31800.01171875,31885.859375,30563.734375,30817.83203125,20434789545
1626739200,30838.28515625,31006.1875,29360.955078125,29807.34765625,23148267245
1626825600,29796.28515625,32752.326171875,29526.18359375,32110.693359375,28203024559
1626912000,32138.873046875,32576.400390625,31745.298828125,32313.10546875,19555230518
1626998400,32305.958984375,33581.55078125,32057.892578125,33581.55078125,22552046192
1627084800,33593.73046875,34490.390625,33424.859375,34292.4453125,21664706865
1627171200,34290.29296875,35364.92578125,33881.8359375,35350.1875,20856685287
1627257600,35384.03125,40499.67578125,35287.3125,37337.53515625,51022126212
1627344000,37276.03515625,39406.94140625,36441.7265625,39406.94140625,35097370560
1627430400,39503.1875,40816.0703125,38862.4375,39995.90625,38702404695
1627516800,39995.453125,40593.0703125,39352.05859375,40008.421875,27167146027
1627603200,40027.484375,42235.546875,38397.35546875,42235.546875,33072782960
1627689600,42196.3046875,42231.44921875,41110.83203125,41626.1953125,25802845343
1627776000,41460.84375,42541.6796875,39540.94140625,39974.89453125,26688438115
1627862400,39907.26171875,40419.1796875,38746.34765625,39201.9453125,25595265436
1627948800,39178.40234375,39750.03125,37782.05078125,38152.98046875,26189830450
1628035200,38213.33203125,39952.296875,37589.1640625,39747.50390625,25372562724
1628121600,39744.515625,41341.93359375,37458.00390625,40869.5546875,35185031017
1628208000,40865.8671875,43271.66015625,39932.1796875,42816.5,38226483046
1628294400,42832.796875,44689.859375,42618.56640625,44555.80078125,40030862141
1628380800,44574.4375,45282.3515625,43331.91015625,43798.1171875,36302664750
1628467200,43791.92578125,46456.83203125,42848.6875,46365.40234375,38734079049
1628553600,46280.84765625,46637.98828125,44705.5546875,45585.03125,33546019517
1628640000,45599.703125,46735.6328125,45351.7109375,45593.63671875,34319709073
1628726400,45576.87890625,46228.91015625,43861.4453125,44428.2890625,33723620826
1628812800,44439.69140625,47831.9765625,44282.41796875,47793.3203125,31744259539
1628899200,47810.6875,48098.68359375,46177.6328125,47096.9453125,31211354442
1628985600,47096.66796875,47357.10546875,45579.58984375,47047.00390625,30988958446
1629072000,47019.9609375,47998.09765625,45700.3203125,46004.484375,32776876610
1629158400,45936.45703125,47139.5703125,44512.41796875,44695.359375,33451362600
1629244800,44686.75,45952.0625,44364.02734375,44801.1875,32194123075
1629331200,44741.8828125,46970.76171875,43998.31640625,46717.578125,37204312299
1629417600,46723.12109375,49342.15234375,46650.70703125,49339.17578125,34706867452
1629504000,49327.07421875,49717.01953125,48312.19921875,48905.4921875,40585205312
1629590400,48869.10546875,49471.609375,48199.94140625,49321.65234375,25370975378
1629676800,49291.67578125,50482.078125,49074.60546875,49546.1484375,34305053719
1629763200,49562.34765625,49878.76953125,47687.1171875,47706.1171875,35361168834
1629849600,47727.2578125,49202.87890625,47163.61328125,48960.7890625,32646349931
1629936000,49002.640625,49347.58203125,46405.78125,46942.21875,32666549568
1630022400,46894.5546875,49112.78515625,46394.28125,49058.66796875,34511076995
1630108800,49072.5859375,49283.50390625,48499.23828125,48902.40234375,28568103401
1630195200,48911.25,49644.11328125,47925.85546875,48829.83203125,25889650240
1630281600,48834.8515625,48925.60546875,46950.2734375,47054.984375,31847007016
1630368000,47024.33984375,48189.55078125,46750.09375,47166.6875,34730363427
1630454400,47099.7734375,49111.08984375,46562.4375,48847.02734375,39139399125
1630540800,48807.84765625,50343.421875,48652.3203125,49327.72265625,39508070319
1630627200,49288.25,50982.2734375,48386.0859375,50025.375,43206179619
1630713600,50009.32421875,50545.58203125,49548.78125,49944.625,37471327794
1630800000,49937.859375,51868.6796875,49538.59765625,51753.41015625,30322676319
1630886400,51769.00390625,52700.94140625,51053.6796875,52633.53515625,38884105426
1630972800,52660.48046875,52853.765625,43285.20703125,46811.12890625,65210059683
1631059200,46827.76171875,47334.0546875,44561.39453125,46091.390625,49007762488
1631145600,45774.7421875,47261.94921875,45669.73828125,46391.421875,38672657013
1631232000,46396.6640625,47031.7421875,44344.484375,44883.91015625,39154666597
1631318400,44869.83984375,45969.29296875,44818.265625,45201.45703125,34499835245
1631404800,45206.62890625,46364.87890625,44790.4609375,46063.26953125,27881980161
1631491200,46057.21484375,46598.6796875,43591.3203125,44963.07421875,40969943253
1631577600,44960.05078125,47218.125,44752.33203125,47092.4921875,38652152880
1631664000,47098.0,48450.46875,46773.328125,48176.34765625,30484496466
1631750400,48158.90625,48486.828125,47079.55859375,47783.359375,31764293754
1631836800,47771.00390625,48160.921875,46832.5234375,47267.51953125,28727713711
1631923200,47273.52734375,48791.78125,47087.28515625,48278.36328125,28575630451
1632009600,48268.85546875,48328.3671875,46919.8046875,47260.21875,26967722648
1632096000,47261.40625,47328.19921875,42598.9140625,42843.80078125,43909845642
1632182400,43012.234375,43607.609375,39787.609375,40693.67578125,48701090088
1632268800,40677.953125,43978.62109375,40625.6328125,43574.5078125,38139709246
1632355200,43560.296875,44942.17578125,43109.33984375,44895.09765625,34244064430
1632441600,44894.30078125,45080.4921875,40936.55859375,42839.75,42839345714
1632528000,42840.890625,42996.2578125,41759.921875,42716.59375,31604717236
1632614400,42721.62890625,43919.30078125,40848.4609375,43208.5390625,30661222077
1632700800,43234.18359375,44313.24609375,42190.6328125,42235.73046875,30980029059
1632787200,42200.8984375,42775.14453125,40931.6640625,41034.54296875,30214940550
1632873600,41064.984375,42545.2578125,40829.66796875,41564.36328125,30602359905
1632960000,41551.26953125,44092.6015625,41444.58203125,43790.89453125,31141681925
1633046400,43816.7421875,48436.01171875,43320.0234375,48116.94140625,42850641582
1633132800,48137.46875,48282.0625,47465.49609375,47711.48828125,30614346492
1633219200,47680.02734375,49130.69140625,47157.2890625,48199.953125,26638115879
1633305600,48208.90625,49456.77734375,47045.00390625,49112.90234375,33383173002
1633392000,49174.9609375,51839.984375,49072.83984375,51514.8125,35873904236
1633478400,51486.6640625,55568.46484375,50488.19140625,55361.44921875,49034730168
1633564800,55338.625,55338.625,53525.46875,53805.984375,36807860413
1633651200,53802.14453125,55922.98046875,53688.0546875,53967.84765625,34800873924
1633737600,53929.78125,55397.9453125,53735.14453125,54968.22265625,32491211414
1633824000,54952.8203125,56401.3046875,54264.2578125,54771.578125,39527792364
1633910400,54734.125,57793.0390625,54519.765625,57484.7890625,42637331698
1633996800,57526.83203125,57627.87890625,54477.97265625,56041.05859375,41083758949
1634083200,56038.2578125,57688.66015625,54370.97265625,57401.09765625,41684252783
1634169600,57372.83203125,58478.734375,56957.07421875,57321.5234375,36615791366
1634256000,57345.90234375,62757.12890625,56868.14453125,61593.94921875,51780081801
1634342400,61609.52734375,62274.4765625,60206.12109375,60892.1796875,34250964237
1634428800,60887.65234375,61645.5234375,59164.46875,61553.6171875,29032367511
1634515200,61548.8046875,62614.66015625,60012.7578125,62026.078125,38055562075
1634601600,62043.1640625,64434.53515625,61622.93359375,64261.9921875,40471196346
1634688000,64284.5859375,66930.390625,63610.67578125,65992.8359375,40788955582
1634774400,66002.234375,66600.546875,62117.41015625,62210.171875,45908121370
1634860800,62237.890625,63715.0234375,60122.796875,60692.265625,38434082775
1634947200,60694.62890625,61743.87890625,59826.5234375,61393.6171875,26882546034
1635033600,61368.34375,61505.8046875,59643.34375,60930.8359375,27316183882
1635120000,60893.92578125,63729.32421875,60691.80078125,63039.82421875,31064911614
1635206400,63032.76171875,63229.02734375,59991.16015625,60363.79296875,34878965587
1635292800,60352.0,61435.18359375,58208.1875,58482.38671875,43657076893
1635379200,58470.73046875,62128.6328125,58206.91796875,60622.13671875,45257083247
1635465600,60624.87109375,62927.609375,60329.96484375,62227.96484375,36856881767
1635552000,62239.36328125,62330.14453125,60918.38671875,61888.83203125,32157938616
1635638400,61850.48828125,62406.171875,60074.328125,61318.95703125,32241199927
1635724800,61320.44921875,62419.00390625,59695.18359375,61004.40625,36150572843
1635811200,60963.25390625,64242.79296875,60673.0546875,63226.40234375,37746665647
1635897600,63254.3359375,63516.9375,61184.23828125,62970.046875,36124731509
1635984000,62941.8046875,63123.2890625,60799.6640625,61452.23046875,32615846901
1636070400,61460.078125,62541.46875,60844.609375,61125.67578125,30605102446
1636156800,61068.875,61590.68359375,60163.78125,61527.48046875,29094934221
1636243200,61554.921875,63326.98828125,61432.48828125,63326.98828125,24726754302
1636329600,63344.06640625,67673.7421875,63344.06640625,67566.828125,41125608330
1636416000,67549.734375,68530.3359375,66382.0625,66971.828125,42357991721
1636502400,66953.3359375,68789.625,63208.11328125,64995.23046875,48730828378
1636588800,64978.890625,65579.015625,64180.48828125,64949.9609375,35880633236
1636675200,64863.98046875,65460.81640625,62333.9140625,64155.94140625,36084893887
1636761600,64158.12109375,64915.67578125,63303.734375,64469.52734375,30474228777
1636848000,64455.37109375,65495.1796875,63647.80859375,65466.83984375,25122092191
1636934400,65521.2890625,66281.5703125,63548.14453125,63557.87109375,30558763548
1637020800,63721.1953125,63721.1953125,59016.3359375,60161.24609375,46844335592
1637107200,60139.62109375,60823.609375,58515.41015625,60368.01171875,39178392930
1637193600,60360.13671875,60948.5,56550.79296875,56942.13671875,41388338699
1637280000,56896.12890625,58351.11328125,55705.1796875,58119.578125,38702407772
1637366400,58115.08203125,59859.87890625,57469.7265625,59697.1953125,30624264863
1637452800,59730.5078125,60004.42578125,58618.9296875,58730.4765625,26123447605
1637539200,58706.84765625,59266.359375,55679.83984375,56289.2890625,35036121783
1637625600,56304.5546875,57875.515625,55632.76171875,57569.07421875,37485803899
1637712000,57565.8515625,57803.06640625,55964.22265625,56280.42578125,36635566789
1637798400,57165.41796875,59367.96875,57146.68359375,57274.6796875,34284016248
1637884800,58960.28515625,59183.48046875,53569.765625,53569.765625,41810748221
1637971200,53736.4296875,55329.2578125,53668.35546875,54815.078125,30560857714
1638057600,54813.0234375,57393.84375,53576.734375,57248.45703125,28116886357
1638144000,57291.90625,58872.87890625,56792.52734375,57806.56640625,32370840356
1638230400,57830.11328125,59113.40234375,56057.28125,57005.42578125,36708594618
1638316800,56907.96484375,59041.68359375,56553.08203125,57229.828125,36858195307
1638403200,57217.37109375,57349.234375,55895.1328125,56477.81640625,32379968686
1638489600,56509.1640625,57482.16796875,52496.5859375,53598.24609375,39789134215
1638576000,53727.87890625,53904.6796875,42874.6171875,49200.703125,61385677469
1638662400,49201.51953125,49768.1484375,47857.49609375,49368.84765625,37198201161
1638748800,49413.48046875,50929.51953125,47281.03515625,50582.625,37707308001
1638835200,50581.828125,51934.78125,50175.80859375,50700.0859375,33676814852
1638921600,50667.6484375,51171.375,48765.98828125,50504.796875,28479699446
1639008000,50450.08203125,50797.1640625,47358.3515625,47672.12109375,29603577251
1639094400,47642.14453125,50015.25390625,47023.69921875,47243.3046875,30966005122
1639180800,47264.6328125,49458.2109375,46942.34765625,49362.5078125,25775869261
1639267200,49354.85546875,50724.8671875,48725.8515625,50098.3359375,21939223599
1639353600,50114.7421875,50205.0,45894.84765625,46737.48046875,32166727776
1639440000,46709.82421875,48431.3984375,46424.49609375,46612.6328125,34638619079
1639526400,48379.75390625,49473.95703125,46671.96484375,48896.72265625,36541828520
1639612800,48900.46484375,49425.57421875,47529.87890625,47665.42578125,27268150947
1639699200,47653.73046875,48004.89453125,45618.21484375,46202.14453125,32902725329
1639785600,46219.25390625,47313.828125,45598.44140625,46848.77734375,26098292690
1639872000,46853.8671875,48089.6640625,46502.953125,46707.015625,25154053861
1639958400,46707.0625,47401.71875,45579.80859375,46880.27734375,30961902129
1640044800,46886.078125,49300.91796875,46698.7734375,48936.61328125,27055803928
1640131200,48937.09765625,49544.796875,48450.94140625,48628.51171875,24447979559
1640217600,48626.34375,51332.33984375,48065.8359375,50784.5390625,28223878108
1640304000,50806.05078125,51814.02734375,50514.49609375,50822.1953125,24367912228
1640390400,50854.91796875,51176.59765625,50236.70703125,50429.859375,19030650914
1640476800,50428.69140625,51196.37890625,49623.10546875,50809.515625,20964372926
1640563200,50802.609375,51956.328125,50499.46875,50640.41796875,24324345758
1640649600,50679.859375,50679.859375,47414.2109375,47588.85546875,33430376883
1640736000,47623.87109375,48119.7421875,46201.49609375,46444.7109375,30049226299
1640822400,46490.60546875,47879.96484375,46060.3125,47178.125,26686491018
1640908800,47169.37109375,48472.52734375,45819.953125,46306.4453125,36974172400
1640995200,46311.74609375,47827.3125,46288.484375,47686.8125,24582667004
1641081600,47680.92578125,47881.40625,46856.9375,47345.21875,27951569547
1641168000,47343.54296875,47510.7265625,45835.96484375,46458.1171875,33071628362
1641254400,46458.8515625,47406.546875,45752.46484375,45897.57421875,42494677905
1641340800,45899.359375,46929.046875,42798.22265625,43569.00390625,36851084859
1641427200,43565.51171875,43748.71875,42645.5390625,43160.9296875,30208048289
1641513600,43153.5703125,43153.5703125,41077.4453125,41557.90234375,84196607520
1641600000,41561.46484375,42228.94140625,40672.27734375,41733.94140625,28066355845
1641686400,41734.7265625,42663.94921875,41338.16015625,41911.6015625,21294384372
1641772800,41910.23046875,42199.484375,39796.5703125,41821.26171875,32104232331
1641859200,41819.5078125,43001.15625,41407.75390625,42735.85546875,26327648900
1641945600,42742.1796875,44135.3671875,42528.98828125,43949.1015625,33499938689
1642032000,43946.7421875,44278.421875,42447.04296875,42591.5703125,47691135082
1642118400,42598.87109375,43346.6875,41982.6171875,43099.69921875,23577403399
1642204800,43101.8984375,43724.671875,42669.03515625,43177.3984375,18371348298
1642291200,43172.0390625,43436.80859375,42691.0234375,43113.87890625,17902097845
1642377600,43118.12109375,43179.390625,41680.3203125,42250.55078125,21690904261
1642464000,42250.07421875,42534.40234375,41392.21484375,42375.6328125,22417209227
1642550400,42374.0390625,42478.3046875,41242.9140625,41744.328125,23091543258
1642636800,41744.02734375,43413.0234375,40672.82421875,40680.41796875,20382033940
1642723200,40699.60546875,41060.52734375,35791.42578125,36457.31640625,43011992031
1642809600,36471.58984375,36688.8125,34349.25,35030.25,39714385405
1642896000,35047.359375,36433.3125,34784.96875,36276.8046875,26017975951
1642982400,36275.734375,37247.51953125,33184.05859375,36654.328125,41856658597
1643068800,36654.8046875,37444.5703125,35779.4296875,36954.00390625,26428189594
1643155200,36950.515625,38825.41015625,36374.90625,36852.12109375,31324598034
1643241600,36841.87890625,37148.32421875,35629.28125,37138.234375,25041426629
1643328000,37128.4453125,37952.87890625,36211.109375,37784.33203125,22238830523
1643414400,37780.71484375,38576.26171875,37406.47265625,38138.1796875,17194183075
1643500800,38151.91796875,38266.33984375,37437.7109375,37917.6015625,14643548444
1643587200,37920.28125,38647.26171875,36733.57421875,38483.125,20734730465
1643673600,38481.765625,39115.1328125,38113.6640625,38743.2734375,20288500328
1643760000,38743.71484375,38834.6171875,36832.73046875,36952.984375,19155189416
1643846400,36944.8046875,37154.6015625,36375.5390625,37154.6015625,18591534769
1643932800,37149.265625,41527.78515625,37093.62890625,41500.875,29412210792
1644019200,41501.48046875,41847.1640625,41038.09765625,41441.1640625,19652846215
1644105600,41441.12109375,42500.78515625,41244.90625,42412.43359375,16142097334
1644192000,42406.78125,44401.86328125,41748.15625,43840.28515625,28641855926
1644278400,43854.65234375,45293.8671875,42807.8359375,44118.4453125,33079398868
1644364800,44096.703125,44727.80078125,43232.96875,44338.796875,23245887300
1644451200,44347.80078125,45661.171875,43402.80859375,43565.11328125,32142048537
1644537600,43571.12890625,43810.83203125,42114.5390625,42407.9375,26954925781
1644624000,42412.30078125,42992.55078125,41852.57421875,42244.46875,18152390304
1644710400,42236.56640625,42693.0546875,41950.94140625,42197.515625,14741589015
1644796800,42157.3984375,42775.77734375,41681.95703125,42586.91796875,20827783012
1644883200,42586.46484375,44667.21875,42491.03515625,44575.203125,22721659051
1644969600,44578.27734375,44578.27734375,43456.69140625,43961.859375,19792547657
1645056000,43937.0703125,44132.97265625,40249.37109375,40538.01171875,26246662813
1645142400,40552.1328125,40929.15234375,39637.6171875,40030.9765625,23310007704
1645228800,40026.0234375,40418.87890625,39713.05859375,40122.15625,13736557863
1645315200,40118.1015625,40119.890625,38112.8125,38431.37890625,18340576452
1645401600,38423.2109375,39394.4375,36950.4765625,37075.28125,29280402798
1645488000,37068.76953125,38359.85546875,36488.93359375,38286.02734375,25493150450
1645574400,38285.28125,39122.39453125,37201.81640625,37296.5703125,21849073843
1645660800,37278.56640625,38968.83984375,34459.21875,38332.609375,46383802093
1645747200,38333.74609375,39630.32421875,38111.34375,39214.21875,26545599159
1645833600,39213.08203125,40005.34765625,38702.53515625,39105.1484375,17467554129
1645920000,39098.69921875,39778.94140625,37268.9765625,37709.78515625,23450127612
1646006400,37706.0,43760.45703125,37518.21484375,43193.234375,35690014104
1646092800,43194.50390625,44793.6015625,42952.5859375,44354.63671875,32479047645
1646179200,44357.6171875,45077.578125,43432.8515625,43924.1171875,29183112630
1646265600,43925.1953125,44021.578125,41914.75,42451.7890625,24967782593
1646352000,42458.140625,42479.61328125,38805.84765625,39137.60546875,28516271427
1646438400,39148.44921875,39566.3359375,38777.03515625,39400.5859375,16975917450
1646524800,39404.19921875,39640.17578125,38211.6484375,38419.984375,19745229902
1646611200,38429.3046875,39430.2265625,37260.203125,38062.0390625,28546143503
1646697600,38059.90234375,39304.44140625,37957.38671875,38737.26953125,25776583476
1646784000,38742.81640625,42465.671875,38706.09375,41982.92578125,32284121034
1646870400,41974.0703125,42004.7265625,38832.94140625,39437.4609375,31078064711
1646956800,39439.96875,40081.6796875,38347.43359375,38794.97265625,26364890465
1647043200,38794.46484375,39308.59765625,38772.53515625,38904.01171875,14616450657
1647129600,38884.7265625,39209.3515625,37728.14453125,37849.6640625,17300745310
1647216000,37846.31640625,39742.5,37680.734375,39666.75390625,24322159070
1647302400,39664.25,39794.62890625,38310.2109375,39338.78515625,23934000868
1647388800,39335.5703125,41465.453125,39022.34765625,41143.9296875,39616916192
1647475200,41140.84375,41287.53515625,40662.87109375,40951.37890625,22009601093
1647561600,40944.83984375,42195.74609375,40302.3984375,41801.15625,34421564942
1647648000,41794.6484375,42316.5546875,41602.66796875,42190.65234375,19664853187
1647734400,42191.40625,42241.1640625,41004.7578125,41247.82421875,20127946682
1647820800,41246.1328125,41454.41015625,40668.04296875,41077.99609375,24615543271
1647907200,41074.10546875,43124.70703125,40948.28125,42358.80859375,32004652376
1647993600,42364.37890625,42893.5078125,41877.5078125,42892.95703125,25242943069
1648080000,42886.65234375,44131.85546875,42726.1640625,43960.93359375,31042992291
1648166400,43964.546875,44999.4921875,43706.28515625,44348.73046875,30574413034
1648252800,44349.859375,44735.99609375,44166.2734375,44500.828125,16950455995
1648339200,44505.35546875,46827.546875,44437.29296875,46820.4921875,28160889722
1648425600,46821.8515625,48086.8359375,46690.203125,47128.00390625,36362175703
1648512000,47100.4375,48022.2890625,47100.4375,47465.73046875,31397059069
1648598400,47456.8984375,47655.1484375,46746.2109375,47062.6640625,29333883962
1648684800,47062.1484375,47512.02734375,45390.5390625,45538.67578125,33327427106
1648771200,45554.1640625,46616.2421875,44403.140625,46281.64453125,38162644287
1648857600,46285.5,47028.28125,45782.51171875,45868.94921875,29336594194
1648944000,45859.12890625,47313.4765625,45634.10546875,46453.56640625,25414397610
1649030400,46445.2734375,46791.08984375,45235.81640625,46622.67578125,32499785455
1649116800,46624.5078125,47106.140625,45544.80859375,45555.9921875,29640604055
1649203200,45544.35546875,45544.35546875,43193.953125,43206.73828125,39393395788
1649289600,43207.5,43860.69921875,42899.90625,43503.84765625,26101973106
1649376000,43505.13671875,43903.01953125,42183.2890625,42287.6640625,27215995394
1649462400,42282.078125,42786.81640625,42183.25390625,42782.13671875,16050772496
1649548800,42781.08984375,43376.37890625,42021.20703125,42207.671875,17654475582
1649635200,42201.0390625,42424.58984375,39373.05859375,39521.90234375,33949912166
1649721600,39533.71484375,40617.5859375,39388.328125,40127.18359375,30991500854
1649808000,40123.5703125,41430.0546875,39712.74609375,41166.73046875,27691105228
1649894400,41160.21875,41451.48046875,39695.74609375,39935.515625,24342001973
1649980800,39939.40234375,40617.72265625,39866.83203125,40553.46484375,21756855753
1650067200,40552.31640625,40633.6796875,40078.42578125,40424.484375,16833150693
1650153600,40417.77734375,40570.7265625,39620.89453125,39716.953125,19087633042
1650240000,39721.203125,40986.3203125,38696.19140625,40826.21484375,33705182072
1650326400,40828.17578125,41672.9609375,40618.6328125,41502.75,25303206547
1650412800,41501.74609375,42126.30078125,40961.09765625,41374.37890625,27819532341
1650499200,41371.515625,42893.58203125,40063.828125,40527.36328125,35372786395
1650585600,40525.86328125,40777.7578125,39315.41796875,39740.3203125,28011716745
1650672000,39738.72265625,39935.859375,39352.203125,39486.73046875,16138021249
1650758400,39478.375,39845.92578125,39233.5390625,39469.29296875,17964398167
1650844800,39472.60546875,40491.75390625,38338.37890625,40458.30859375,35445730570
1650931200,40448.421875,40713.890625,37884.984375,38117.4609375,34569088416
1651017600,38120.30078125,39397.91796875,37997.3125,39241.12109375,30981015184
1651104000,39241.4296875,40269.46484375,38941.421875,39773.828125,33903704907
1651190400,39768.6171875,39887.26953125,38235.53515625,38609.82421875,30882994649
1651276800,38605.859375,38771.2109375,37697.94140625,37714.875,23895713731
1651363200,37713.265625,38627.859375,37585.7890625,38469.09375,27002760110
1651449600,38472.1875,39074.97265625,38156.5625,38529.328125,32922642426
1651536000,38528.109375,38629.99609375,37585.62109375,37750.453125,27326943244
1651622400,37748.01171875,39902.94921875,37732.05859375,39698.37109375,36754404490
1651708800,39695.74609375,39789.28125,35856.515625,36575.140625,43106256317
1651795200,36573.18359375,36624.359375,35482.1328125,36040.921875,37795577489
1651881600,36042.50390625,36129.92578125,34940.82421875,35501.953125,24375896406
1651968000,35502.94140625,35502.94140625,33878.96484375,34059.265625,36763041910
1652054400,34060.015625,34222.07421875,30296.953125,30296.953125,63355494961
1652140800,30273.654296875,32596.30859375,29944.802734375,31022.90625,59811038817
1652227200,31016.18359375,32013.40234375,28170.4140625,28936.35546875,70388855818
1652313600,28936.734375,30032.439453125,26350.490234375,29047.751953125,66989173272
1652400000,29030.91015625,30924.802734375,28782.330078125,29283.103515625,42841124537
1652486400,29285.642578125,30192.802734375,28702.91015625,30101.265625,28579868620
1652572800,30098.5859375,31308.19140625,29527.740234375,31305.11328125,25835372065
1652659200,31304.375,31305.341796875,29251.884765625,29862.91796875,32613897286
1652745600,29862.408203125,30694.490234375,29570.302734375,30425.857421875,29101473475
1652832000,30424.478515625,30618.716796875,28720.271484375,28720.271484375,31285268319
1652918400,28720.359375,30430.751953125,28708.955078125,30314.333984375,33773447707
1653004800,30311.119140625,30664.9765625,28793.60546875,29200.740234375,30749382605
1653091200,29199.859375,29588.869140625,29027.39453125,29432.2265625,17274840442
1653177600,29432.47265625,30425.861328125,29275.18359375,30323.72265625,21631532270
1653264000,30309.396484375,30590.5859375,28975.560546875,29098.91015625,31483454557
1653350400,29101.125,29774.35546875,28786.58984375,29655.5859375,26616506245
1653436800,29653.134765625,30157.78515625,29384.94921875,29562.361328125,27525063551
1653523200,29564.77734375,29834.16015625,28261.90625,29267.224609375,36774325352
1653609600,29251.140625,29346.943359375,28326.61328125,28627.57421875,36582005748
1653696000,28622.625,28814.900390625,28554.56640625,28814.900390625,35519577634
1653782400,29019.8671875,29498.009765625,28841.107421875,29445.95703125,18093886409
1653868800,29443.365234375,31949.630859375,29303.572265625,31726.390625,39277993274
1653955200,31723.865234375,32249.86328125,31286.154296875,31792.310546875,33538210634
1654041600,31792.5546875,31957.28515625,29501.587890625,29799.080078125,41135817341
1654128000,29794.890625,30604.734375,29652.705078125,30467.48828125,29083562061
1654214400,30467.806640625,30633.03515625,29375.689453125,29704.390625,26175547452
1654300800,29706.138671875,29930.564453125,29500.005859375,29832.9140625,16588370958
1654387200,29835.1171875,30117.744140625,29574.44921875,29906.662109375,17264085441
1654473600,29910.283203125,31693.291015625,29894.1875,31370.671875,31947336829
1654560000,31371.7421875,31489.68359375,29311.68359375,31155.478515625,40770974039
1654646400,31151.48046875,31253.69140625,29944.404296875,30214.35546875,30242059107
1654732800,30215.279296875,30609.310546875,30020.265625,30111.998046875,21692004719
1654819200,30110.330078125,30245.80859375,28978.146484375,29083.8046875,29867476527
1654905600,29084.666015625,29401.916015625,28236.212890625,28360.810546875,27246574439
1654992000,28373.513671875,28502.685546875,26762.6484375,26762.6484375,34163220274
1655078400,26737.578125,26795.58984375,22141.2578125,22487.388671875,68204556440
1655164800,22487.986328125,23018.951171875,20950.818359375,22206.79296875,50913575242
1655251200,22196.73046875,22642.671875,20178.376953125,22572.83984375,54912007015
1655337600,22576.3046875,22868.921875,20265.2265625,20381.650390625,31183975654
1655424000,20385.71875,21243.3125,20326.51953125,20471.482421875,27132421514
1655510400,20473.42578125,20736.041015625,17708.623046875,19017.642578125,42009436760
1655596800,19010.90234375,20683.822265625,18067.15234375,20553.271484375,35329942625
1655683200,20553.37109375,20913.322265625,19689.169921875,20599.537109375,30818458597
1655769600,20594.294921875,21620.62890625,20415.0625,20710.59765625,28970212744
1655856000,20719.4140625,20835.75,19848.078125,19987.029296875,28574793478
1655942400,19986.607421875,21135.76171875,19950.1171875,21085.876953125,26188097173
1656028800,21084.6484375,21472.91796875,20777.51171875,21231.65625,24957784918
1656115200,21233.609375,21520.9140625,20964.5859375,21502.337890625,18372538715
1656201600,21496.494140625,21783.724609375,21016.26953125,21027.294921875,18027170497
1656288000,21028.23828125,21478.08984375,20620.19921875,20735.478515625,20965695707
1656374400,20731.544921875,21164.423828125,20228.8125,20280.634765625,21381535161
1656460800,20281.169921875,20364.15625,19937.791015625,20104.0234375,23552740328
1656547200,20108.3125,20141.16015625,18729.65625,19784.7265625,26267239923
1656633600,19820.470703125,20632.671875,19073.708984375,19269.3671875,30767551159
1656720000,19274.8359375,19371.748046875,19027.08203125,19242.255859375,18100418740
1656806400,19242.095703125,19558.26953125,18966.951171875,19297.076171875,16390821947
1656892800,19297.314453125,20258.748046875,19063.06640625,20231.26171875,21594638208
1656979200,20225.353515625,20635.466796875,19341.232421875,20190.115234375,26715546990
1657065600,20194.619140625,20595.529296875,19823.51171875,20548.24609375,24598943708
1657152000,20547.814453125,21771.81640625,20296.103515625,21637.587890625,25814972520
1657238400,21637.154296875,22314.94140625,21257.453125,21731.1171875,49899834488
1657324800,21716.828125,21877.138671875,21445.95703125,21592.20703125,29641127858
1657411200,21591.080078125,21591.080078125,20727.123046875,20860.44921875,28688807249
1657497600,20856.353515625,20856.353515625,19924.5390625,19970.556640625,24150249025
1657584000,19970.474609375,20043.4453125,19308.53125,19323.9140625,25810220018
1657670400,19325.97265625,20223.052734375,18999.953125,20212.07421875,33042430345
1657756800,20211.466796875,20789.89453125,19689.2578125,20569.919921875,31158743333
1657843200,20573.15625,21138.244140625,20397.0,20836.328125,25905575359
1657929600,20834.103515625,21514.404296875,20518.8984375,21190.31640625,24302954056
1658016000,21195.041015625,21600.640625,20778.1796875,20779.34375,22927802083
1658102400,20781.912109375,22633.033203125,20781.912109375,22485.689453125,39974475562
1658188800,22467.849609375,23666.962890625,21683.40625,23389.43359375,48765202697
1658275200,23393.19140625,24196.818359375,23009.94921875,23231.732421875,42932549127
1658361600,23233.201171875,23388.322265625,22431.1484375,23164.62890625,33631012204
1658448000,23163.751953125,23671.927734375,22603.416015625,22714.978515625,31421555646
1658534400,22706.984375,22977.2109375,22002.91015625,22465.478515625,24021799169
1658620800,22465.509765625,22974.001953125,22306.83984375,22609.1640625,23565495303
1658707200,22607.15625,22649.12109375,21361.642578125,21361.701171875,35574561406
1658793600,21361.12109375,21361.12109375,20776.81640625,21239.75390625,28624673855
1658880000,21244.169921875,22986.529296875,21070.806640625,22930.548828125,31758955233
1658966400,22933.640625,24110.470703125,22722.265625,23843.88671875,40212386158
1659052800,23845.212890625,24294.787109375,23481.173828125,23804.6328125,35887249746
1659139200,23796.818359375,24572.580078125,23580.5078125,23656.20703125,28148218301
1659225600,23652.0703125,24121.642578125,23275.703125,23336.896484375,23553591896
1659312000,23336.71875,23464.787109375,22890.796875,23314.19921875,25849159141
1659398400,23308.43359375,23415.041015625,22710.083984375,22978.1171875,28389250717
1659484800,22981.302734375,23578.650390625,22747.8359375,22846.5078125,26288169966
1659571200,22848.21484375,23198.009765625,22485.701171875,22630.95703125,25120229769
1659657600,22626.833984375,23422.828125,22612.177734375,23289.314453125,28881249043
1659744000,23291.423828125,23326.5625,22961.279296875,22961.279296875,15978259885
1659830400,22963.505859375,23359.009765625,22894.556640625,23175.890625,15886817043
1659916800,23179.52734375,24203.689453125,23176.546875,23809.486328125,28575544847
1660003200,23811.484375,23898.615234375,22982.0,23164.318359375,23555719219
1660089600,23162.8984375,24127.4140625,22771.51953125,23947.642578125,32837431722
1660176000,23948.345703125,24822.62890625,23900.99609375,23957.529296875,37127036580
1660262400,23957.203125,24412.56640625,23657.265625,24402.818359375,27265804688
1660348800,24402.1875,24860.05078125,24346.115234375,24424.068359375,22987346289
1660435200,24429.056640625,24974.9140625,24206.259765625,24319.333984375,22994133555
1660521600,24318.31640625,25135.58984375,23839.775390625,24136.97265625,35123501685
1660608000,24126.13671875,24228.416015625,23733.5,23883.291015625,27753685646
1660694400,23881.31640625,24407.05859375,23243.353515625,23335.998046875,30931623076
1660780800,23341.0390625,23563.83203125,23177.6015625,23212.73828125,23747613147
1660867200,23213.3125,23213.3125,20868.84765625,20877.552734375,40509610260
1660953600,20872.841796875,21350.806640625,20856.73046875,21166.060546875,27595671000
1661040000,21160.392578125,21668.845703125,21103.197265625,21534.12109375,23102307723
1661126400,21531.462890625,21531.462890625,20939.18359375,21398.908203125,31666498758
1661212800,21401.044921875,21646.203125,20955.138671875,21528.087890625,31878280659
1661299200,21526.455078125,21783.076171875,21195.005859375,21395.01953125,31962253368
1661385600,21395.458984375,21789.63671875,21362.44140625,21600.904296875,31028679593
1661472000,21596.0859375,21804.908203125,20199.482421875,20260.01953125,42326789564
1661558400,20262.48046875,20340.775390625,19890.5234375,20041.73828125,30116729776
1661644800,20041.03515625,20139.0546875,19616.814453125,19616.814453125,24366810591
1661731200,19615.154296875,20357.462890625,19600.78515625,20297.994140625,32637854078
1661817600,20298.611328125,20542.64453125,19617.640625,19796.80859375,34483360283
1661904000,19799.58203125,20420.990234375,19799.58203125,20049.763671875,33225232872
1661990400,20050.498046875,20198.390625,19653.96875,20127.140625,30182031010
1662076800,20126.072265625,20401.568359375,19814.765625,19969.771484375,29123998928
1662163200,19969.71875,20037.009765625,19698.35546875,19832.087890625,23613051457
1662249600,19832.470703125,19999.689453125,19636.81640625,19986.712890625,25245861652
1662336000,19988.7890625,20031.16015625,19673.046875,19812.37109375,28813460025
1662422400,19817.724609375,20155.26953125,18800.171875,18837.66796875,43403978910
1662508800,18837.68359375,19427.171875,18644.466796875,19290.32421875,35239757134
1662595200,19289.94140625,19417.3515625,19076.71484375,19329.833984375,32194477850
1662681600,19328.140625,21439.41015625,19310.962890625,21381.15234375,48469528171
1662768000,21376.912109375,21760.275390625,21168.72265625,21680.5390625,36913738894
1662854400,21678.54296875,21770.552734375,21406.9453125,21769.255859375,34493951963
1662940800,21770.1484375,22439.181640625,21603.896484375,22370.44921875,50212088965
1663027200,22371.48046875,22673.8203125,20062.669921875,20296.70703125,51091116622
1663113600,20184.5546875,20467.201171875,19793.396484375,20241.08984375,37872380889
1663200000,20242.2890625,20318.166015625,19636.734375,19701.2109375,36389011503
1663286400,19704.005859375,19870.62890625,19400.076171875,19772.583984375,30123362273
1663372800,19777.033203125,20162.53125,19777.033203125,20127.576171875,24957448100
1663459200,20127.234375,20127.234375,19387.4921875,19419.505859375,31254779144
1663545600,19418.572265625,19639.48046875,18390.318359375,19544.12890625,40177002624
1663632000,19545.591796875,19602.45703125,18813.455078125,18890.7890625,36791346508
1663718400,18891.283203125,19674.630859375,18290.314453125,18547.400390625,46363793975
1663804800,18534.650390625,19456.91015625,18415.591796875,19413.55078125,41135767926
1663891200,19412.400390625,19464.671875,18617.552734375,19297.638671875,38896078052
1663977600,19296.990234375,19310.197265625,18861.974609375,18937.01171875,26149643168
1664064000,18936.310546875,19134.732421875,18696.46875,18802.09765625,23359966112
1664150400,18803.900390625,19274.873046875,18721.28515625,19222.671875,44148798321
1664236800,19221.83984375,20338.455078125,18915.66796875,19110.546875,58571439619
1664323200,19104.62109375,19688.34375,18553.296875,19426.720703125,53071298734
1664409600,19427.779296875,19589.265625,18924.353515625,19573.05078125,41037843771
1664496000,19573.431640625,20109.849609375,19265.662109375,19431.7890625,43975248085
1664582400,19431.10546875,19471.154296875,19231.08203125,19312.095703125,18719537670
1664668800,19311.849609375,19370.30859375,18970.62109375,19044.107421875,20765955327
1664755200,19044.068359375,19653.54296875,19025.2265625,19623.580078125,30484729489
1664841600,19623.583984375,20380.34375,19523.83984375,20336.84375,35887278685
1664928000,20335.900390625,20343.748046875,19801.80078125,20160.716796875,33223790572
1665014400,20161.0390625,20408.392578125,19900.087890625,19955.443359375,34711412966
1665100800,19957.55859375,20041.0859375,19395.79296875,19546.849609375,29227315390
1665187200,19546.328125,19601.6953125,19299.4140625,19416.568359375,16437423167
1665273600,19417.478515625,19542.5390625,19349.259765625,19446.42578125,16837262532
1665360000,19446.416015625,19515.466796875,19102.978515625,19141.484375,27425022774
1665446400,19139.0,19241.9609375,18925.603515625,19051.41796875,28711532910
1665532800,19052.646484375,19203.19921875,19029.7578125,19157.4453125,24950173846
1665619200,19156.966796875,19453.328125,18319.822265625,19382.904296875,44219840004
1665705600,19382.533203125,19889.146484375,19115.408203125,19185.65625,38452356727
1665792000,19185.4375,19212.541015625,19019.25,19067.634765625,16192235532
1665878400,19068.9140625,19389.603515625,19068.9140625,19268.09375,17988916650
1665964800,19268.5625,19635.802734375,19173.333984375,19550.7578125,27472552998
1666051200,19550.466796875,19666.994140625,19144.76953125,19334.416015625,30580012344
1666137600,19335.02734375,19348.416015625,19127.6875,19139.53515625,22425387184
1666224000,19138.0859375,19315.19921875,18971.458984375,19053.740234375,24493974420
1666310400,19053.203125,19237.384765625,18770.970703125,19172.46875,32459287866
1666396800,19172.380859375,19248.068359375,19132.244140625,19208.189453125,16104440957
1666483200,19207.734375,19646.65234375,19124.197265625,19567.0078125,22128794335
1666569600,19567.76953125,19589.125,19206.32421875,19345.572265625,30202235805
1666656000,19344.96484375,20348.412109375,19261.447265625,20095.857421875,47761524910
1666742400,20092.236328125,20938.134765625,20076.1171875,20770.44140625,58895950537
1666828800,20772.802734375,20854.044921875,20255.373046875,20285.8359375,49625110402
1666915200,20287.95703125,20724.98046875,20086.068359375,20595.3515625,43994715910
1667001600,20595.103515625,20988.39453125,20566.484375,20818.4765625,40369840645
1667088000,20817.982421875,20917.005859375,20547.462890625,20635.603515625,31486345556
1667174400,20633.6953125,20795.3203125,20287.458984375,20495.7734375,45668466815
1667260800,20494.8984375,20647.2890625,20359.845703125,20485.2734375,39819303159
1667347200,20482.958984375,20742.810546875,20087.134765625,20159.50390625,55552169483
1667433600,20162.689453125,20382.095703125,20086.240234375,20209.98828125,43228750179
1667520000,20208.76953125,21209.560546875,20188.01953125,21147.23046875,64072727950
1667606400,21144.83203125,21446.88671875,21097.634765625,21282.69140625,37846047609
1667692800,21285.056640625,21345.376953125,20920.19140625,20926.486328125,35082693210
1667779200,20924.62109375,21053.24609375,20489.97265625,20602.81640625,53510852236
1667865600,20600.671875,20664.607421875,17603.544921875,18541.271484375,118992465607
1667952000,18543.76171875,18590.458984375,15682.6923828125,15880.7802734375,102905151606
1668038400,15883.158203125,18054.3125,15834.0185546875,17586.771484375,83202283721
1668124800,17583.251953125,17650.943359375,16543.482421875,17034.29296875,55871616488
1668211200,17036.875,17066.67578125,16651.775390625,16799.185546875,29717699419
1668297600,16799.72265625,16920.765625,16320.634765625,16353.365234375,27209183682
1668384000,16352.0283203125,17109.32421875,15872.94140625,16618.19921875,49630243054
1668470400,16617.484375,17051.962890625,16542.55078125,16884.61328125,36599436183
1668556800,16884.341796875,16960.294921875,16430.111328125,16669.439453125,33925512989
1668643200,16670.42578125,16726.439453125,16460.68359375,16687.517578125,27868914022
1668729600,16687.912109375,16947.05859375,16564.611328125,16697.77734375,26862218609
1668816000,16696.220703125,16797.876953125,16570.41015625,16711.546875,16106223492
1668902400,16712.919921875,16746.779296875,16248.6923828125,16291.83203125,21313378652
1668988800,16291.2236328125,16291.2236328125,15599.046875,15787.2841796875,37429485518
1669075200,15782.30078125,16253.0478515625,15656.6064453125,16189.76953125,30726828760
1669161600,16195.5888671875,16638.193359375,16170.5029296875,16610.70703125,32958875628
1669248000,16611.63671875,16771.474609375,16501.767578125,16604.46484375,26129037414
1669334400,16602.26953125,16603.31640625,16388.404296875,16521.841796875,18678255976
1669420800,16521.576171875,16666.86328125,16416.228515625,16464.28125,18000008764
1669507200,16463.8828125,16594.40625,16437.025390625,16444.626953125,20443898509
1669593600,16440.22265625,16482.93359375,16054.5302734375,16217.322265625,27743025156
1669680000,16217.6396484375,16522.2578125,16139.396484375,16444.982421875,23581685468
1669766400,16445.4765625,17190.9375,16445.4765625,17168.56640625,29523576583
1669852800,17168.001953125,17197.498046875,16888.388671875,16967.1328125,22895392882
1669939200,16968.68359375,17088.66015625,16877.880859375,17088.66015625,19539705127
1670025600,17090.09765625,17116.041015625,16888.140625,16908.236328125,16217776704
1670112000,16908.169921875,17157.767578125,16903.439453125,17130.486328125,16824520830
1670198400,17128.89453125,17378.15234375,16922.431640625,16974.826171875,22209086834
1670284800,16975.23828125,17091.86328125,16939.921875,17089.50390625,19889922369
1670371200,17089.505859375,17109.376953125,16750.55859375,16848.126953125,19675404389
1670457600,16847.349609375,17267.916015625,16788.783203125,17233.474609375,20496603770
1670544000,17232.1484375,17280.546875,17100.8359375,17133.15234375,20328426366
1670630400,17134.220703125,17216.826171875,17120.68359375,17128.724609375,12706781969
1670716800,17129.7109375,17245.634765625,17091.8203125,17104.193359375,14122486832
1670803200,17102.5,17212.564453125,16899.39453125,17206.4375,19617581341
1670889600,17206.44140625,17930.0859375,17111.763671875,17781.318359375,26634741631
1670976000,17782.06640625,18318.53125,17739.513671875,17815.650390625,25534481470
1671062400,17813.64453125,17846.744140625,17322.58984375,17364.865234375,20964448341
1671148800,17364.546875,17505.525390625,16584.701171875,16647.484375,24031608960
1671235200,16646.982421875,16800.58984375,16614.029296875,16795.091796875,14463581825
1671321600,16795.609375,16815.38671875,16697.8203125,16757.9765625,10924354698
1671408000,16759.041015625,16807.52734375,16398.13671875,16439.6796875,17221074814
1671494400,16441.787109375,17012.984375,16427.8671875,16906.3046875,22722096615
1671580800,16904.52734375,16916.80078125,16755.912109375,16817.53515625,14882945045
1671667200,16818.380859375,16866.673828125,16592.408203125,16830.341796875,16441573050
1671753600,16829.64453125,16905.21875,16794.458984375,16796.953125,15329265213
1671840000,16796.9765625,16864.703125,16793.52734375,16847.755859375,9744636213
1671926400,16847.505859375,16860.5546875,16755.25390625,16841.986328125,11656379938
1672012800,16842.25,16920.123046875,16812.369140625,16919.8046875,11886957804
1672099200,16919.291015625,16959.845703125,16642.072265625,16717.173828125,15748580239
1672185600,16716.400390625,16768.169921875,16497.556640625,16552.572265625,17005713920
1672272000,16552.322265625,16651.755859375,16508.68359375,16642.341796875,14472237479
1672358400,16641.330078125,16643.427734375,16408.474609375,16602.5859375,15929162910
1672444800,16603.673828125,16628.986328125,16517.51953125,16547.49609375,11239186456
1672531200,16547.9140625,16630.439453125,16521.234375,16625.080078125,9244361700
1672617600,16625.509765625,16759.34375,16572.228515625,16688.470703125,12097775227
1672704000,16688.84765625,16760.447265625,16622.37109375,16679.857421875,13903079207
1672790400,16680.205078125,16964.5859375,16667.763671875,16863.23828125,18421743322
1672876800,16863.47265625,16884.021484375,16790.283203125,16836.736328125,13692758566
1672963200,16836.47265625,16991.994140625,16716.421875,16951.96875,14413662913
1673049600,16952.1171875,16975.017578125,16914.19140625,16955.078125,7714767174
1673136000,16954.146484375,17091.14453125,16924.05078125,17091.14453125,9768827914
1673222400,17093.9921875,17389.95703125,17093.9921875,17196.5546875,18624736866
1673308800,17192.94921875,17484.720703125,17162.990234375,17446.29296875,15808338949
1673395200,17446.359375,17934.896484375,17337.994140625,17934.896484375,18372283782
1673481600,18117.59375,19030.087890625,17995.203125,18869.587890625,34971338710
1673568000,18868.90625,19964.322265625,18753.1640625,19909.57421875,29225029694
1673654400,19910.537109375,21075.142578125,19907.828125,20976.298828125,38967784639
1673740800,20977.484375,20993.748046875,20606.986328125,20880.798828125,19298407543
1673827200,20882.224609375,21360.875,20715.74609375,21169.6328125,26792494050
1673913600,21175.833984375,21438.66015625,20978.533203125,21161.51953125,24999983362
1674000000,21161.05078125,21564.501953125,20541.544921875,20688.78125,30005625418
1674086400,20686.74609375,21163.01171875,20685.380859375,21086.79296875,21152848261
1674172800,21085.373046875,22692.357421875,20919.126953125,22676.552734375,28799154319
1674259200,22677.427734375,23282.34765625,22511.833984375,22777.625,32442278429
1674345600,22777.986328125,23056.73046875,22387.900390625,22720.416015625,24746386230
1674432000,22721.087890625,23126.486328125,22654.3046875,22934.431640625,26518700512
1674518400,22929.626953125,23134.01171875,22549.744140625,22636.46875,26405069715
1674604800,22639.267578125,23722.099609375,22406.076171875,23117.859375,30685366709
1674691200,23108.955078125,23237.078125,22911.373046875,23032.77734375,26357839322
1674777600,23030.716796875,23417.720703125,22654.59375,23078.728515625,25383335641
1674864000,23079.96484375,23165.896484375,22908.845703125,23031.08984375,14712928379
1674950400,23031.44921875,23919.890625,22985.0703125,23774.56640625,27423687259
1675036800,23774.6484375,23789.34765625,22657.58203125,22840.138671875,27205595568
1675123200,22840.796875,23225.021484375,22765.568359375,23139.283203125,22837828665
1675209600,23137.8359375,23764.5390625,22877.75,23723.76953125,26683255504
1675296000,23720.82421875,24167.2109375,23468.595703125,23471.87109375,32066936882
1675382400,23469.412109375,23678.103515625,23279.955078125,23449.322265625,27083066007
1675468800,23446.3203125,23556.94921875,23291.794921875,23331.84765625,15639298538
1675555200,23332.248046875,23423.435546875,22841.759765625,22955.666015625,19564262605
1675641600,22954.021484375,23119.279296875,22692.025390625,22760.109375,23825006542
1675728000,22757.267578125,23310.974609375,22756.2578125,23264.291015625,27187964471
1675814400,23263.416015625,23367.958984375,22731.09765625,22939.3984375,25371367758
1675900800,22946.56640625,22996.4375,21773.974609375,21819.0390625,32572572185
1675987200,21819.005859375,21941.185546875,21539.392578125,21651.18359375,27078406594
1676073600,21651.841796875,21891.41015625,21618.44921875,21870.875,16356226232
1676160000,21870.90234375,22060.994140625,21682.828125,21788.203125,17821046406
1676246400,21787.0,21898.4140625,21460.087890625,21808.1015625,23918742607
1676332800,21801.822265625,22293.140625,21632.39453125,22220.8046875,26792596581
1676419200,22220.5859375,24307.841796875,22082.76953125,24307.841796875,32483312909
1676505600,24307.349609375,25134.1171875,23602.5234375,23623.474609375,39316664596
1676592000,23621.283203125,24924.041015625,23460.755859375,24565.6015625,41358451255
1676678400,24565.296875,24798.8359375,24468.373046875,24641.27734375,19625427158
1676764800,24640.02734375,25093.0546875,24327.642578125,24327.642578125,25555105670
1676851200,24336.623046875,25020.458984375,23927.91015625,24829.1484375,28987376573
1676937600,24833.048828125,25126.8515625,24200.36328125,24436.353515625,31252098714
1677024000,24437.41796875,24472.33984375,23644.318359375,24188.84375,30199996781
1677110400,24190.71875,24572.08984375,23693.919921875,23947.4921875,30476264066
1677196800,23946.0078125,24103.705078125,23007.072265625,23198.126953125,26811744928
1677283200,23200.125,23210.2109375,22861.55859375,23175.375,16100721565
1677369600,23174.150390625,23654.3671875,23084.220703125,23561.212890625,16644534842
1677456000,23561.451171875,23857.890625,23205.87890625,23522.87109375,22660763494
1677542400,23521.837890625,23585.384765625,23077.650390625,23147.353515625,20535363434
1677628800,23150.9296875,23880.6328125,23088.626953125,23646.55078125,24662841200
1677715200,23647.01953125,23739.138671875,23245.021484375,23475.466796875,20386398516
1677801600,23476.6328125,23479.34765625,22213.23828125,22362.6796875,26062404610
1677888000,22362.923828125,22405.177734375,22198.98046875,22353.349609375,11166012913
1677974400,22354.14453125,22613.685546875,22307.142578125,22435.513671875,13317001733
1678060800,22436.81640625,22584.29296875,22331.314453125,22429.7578125,17353192895
1678147200,22428.322265625,22527.41796875,22011.26171875,22219.76953125,22765452204
1678233600,22216.44140625,22268.896484375,21708.05078125,21718.080078125,22536575684
1678320000,21720.080078125,21802.716796875,20210.306640625,20363.021484375,30364664171
1678406400,20367.001953125,20370.595703125,19628.25390625,20187.244140625,39578257695
1678492800,20187.876953125,20792.525390625,20068.66015625,20632.41015625,30180288176
1678579200,20628.029296875,22185.03125,20448.806640625,22163.94921875,29279035521
1678665600,22156.40625,24550.837890625,21918.19921875,24197.533203125,49466362688
1678752000,24201.765625,26514.716796875,24081.18359375,24746.07421875,54622230164
1678838400,24770.92578125,25240.615234375,23964.91015625,24375.9609375,43655701450
1678924800,24373.45703125,25190.326171875,24225.111328125,25052.7890625,33866061747
1679011200,25055.123046875,27787.8125,24955.169921875,27423.9296875,50730261335
1679097600,27448.1171875,27725.953125,26636.26171875,26965.87890625,35723036817
1679184000,26969.50390625,28440.560546875,26907.716796875,28038.67578125,37769448859
1679270400,28041.6015625,28527.724609375,27242.880859375,27767.236328125,44774027664
1679356800,27768.392578125,28439.5625,27439.646484375,28175.81640625,36102192830
1679443200,28158.720703125,28803.3359375,26759.99609375,27307.4375,33382021890
1679529600,27301.95703125,28729.84375,27183.36328125,28333.97265625,24220433689
1679616000,28324.111328125,28388.4375,27039.265625,27493.28515625,25980310960
1679702400,27487.337890625,27791.826171875,27196.234375,27494.70703125,13383005987
1679788800,27495.5234375,28178.14453125,27445.046875,27994.330078125,13878363192
1679875200,27994.068359375,28037.92578125,26606.689453125,27139.888671875,18188895178
1679961600,27132.888671875,27460.71875,26677.818359375,27268.130859375,17783600385
1680048000,27267.03125,28619.54296875,27259.662109375,28348.44140625,20684945906
1680134400,28350.140625,29159.90234375,27720.16015625,28033.5625,22435349951
1680220800,28032.26171875,28639.896484375,27583.71484375,28478.484375,19001327598
1680307200,28473.33203125,28802.45703125,28297.171875,28411.03515625,10876469901
1680393600,28462.845703125,28518.958984375,27884.087890625,28199.30859375,12284641999
1680480000,28183.080078125,28475.623046875,27276.720703125,27790.220703125,19556501327
1680566400,27795.2734375,28433.7421875,27681.3046875,28168.08984375,15284538859
1680652800,28169.7265625,28739.23828125,27843.763671875,28177.984375,17052315986
1680739200,28175.2265625,28178.384765625,27738.759765625,28044.140625,13837809380
1680825600,28038.966796875,28111.59375,27794.03125,27925.859375,10861680497
1680912000,27920.513671875,28159.86328125,27883.38671875,27947.794921875,9373255556
1680998400,27952.3671875,28532.830078125,27828.48046875,28333.05078125,12175322951
1681084800,28336.02734375,29771.46484375,28189.271484375,29652.98046875,19282400094
1681171200,29653.6796875,30509.083984375,29609.30078125,30235.05859375,20121259843
1681257600,30231.58203125,30462.48046875,29725.57421875,30139.052734375,18651929926
1681344000,29892.740234375,30539.845703125,29878.623046875,30399.06640625,17487721001
1681430400,30409.5625,31005.607421875,30044.498046875,30485.69921875,22659995079
1681516800,30490.75,30601.740234375,30245.8828125,30318.49609375,11940685378
1681603200,30315.9765625,30555.537109375,30157.83203125,30315.35546875,12854816417
1681689600,30317.146484375,30319.197265625,29275.37109375,29445.044921875,17872186762
1681776000,29449.091796875,30470.302734375,29154.849609375,30397.552734375,19480529496
1681862400,30394.1875,30411.0546875,28669.8984375,28822.6796875,24571565421
1681948800,28823.68359375,29076.400390625,28037.2578125,28245.98828125,21340360360
1682035200,28249.23046875,28349.96875,27177.365234375,27276.91015625,20759504330
1682121600,27265.89453125,27872.142578125,27169.5703125,27817.5,13125734602
1682208000,27816.14453125,27820.244140625,27400.314453125,27591.384765625,12785446832
1682294400,27591.73046875,27979.982421875,27070.849609375,27525.33984375,17703288330
1682380800,27514.873046875,28371.078125,27207.931640625,28307.59765625,17733373139
1682467200,28300.05859375,29995.837890625,27324.548828125,28422.701171875,31854242019
1682553600,28428.46484375,29871.546875,28402.88671875,29473.787109375,27153445027
1682640000,29481.013671875,29572.791015625,28929.609375,29340.26171875,17544464887
1682726400,29336.56640625,29452.455078125,29088.04296875,29248.48828125,10662634333
1682812800,29245.515625,29952.029296875,29114.021484375,29268.806640625,14652199272
1682899200,29227.103515625,29329.935546875,27680.79296875,28091.568359375,18655599976
1682985600,28087.17578125,28881.298828125,27924.123046875,28680.537109375,16432924527
1683072000,28680.494140625,29259.533203125,28178.388671875,29006.30859375,19122972518
1683158400,29031.3046875,29353.185546875,28694.0390625,28847.7109375,15548678514
1683244800,28851.48046875,29668.908203125,28845.509765625,29534.384765625,17936566518
1683331200,29538.859375,29820.126953125,28468.966796875,28904.623046875,15913866714
1683417600,28901.623046875,29157.517578125,28441.3671875,28454.978515625,11301355486
1683504000,28450.45703125,28663.271484375,27310.134765625,27694.2734375,19122903752
1683590400,27695.068359375,27821.400390625,27375.6015625,27658.775390625,14128593256
1683676800,27654.63671875,28322.6875,26883.669921875,27621.755859375,20656025026
1683763200,27621.0859375,27621.94140625,26781.826171875,27000.7890625,16724343943
1683849600,26987.662109375,27055.646484375,25878.4296875,26804.990234375,19313599897
1683936000,26807.76953125,27030.482421875,26710.873046875,26784.078125,9999171605
1684022400,26788.974609375,27150.9765625,26661.35546875,26930.638671875,10014858959
1684108800,26931.384765625,27646.34765625,26766.09765625,27192.693359375,14413231792
1684195200,27171.513671875,27299.3046875,26878.947265625,27036.650390625,12732238816
1684281600,27035.470703125,27465.927734375,26600.14453125,27398.802734375,15140006925
1684368000,27401.650390625,27466.52734375,26415.1015625,26832.208984375,15222938600
1684454400,26826.75390625,27128.619140625,26700.2109375,26890.12890625,11258983301
1684540800,26888.841796875,27155.158203125,26843.27734375,27129.5859375,7044911360
1684627200,27118.423828125,27265.91796875,26706.921875,26753.826171875,8647416921
1684713600,26749.892578125,27045.734375,26549.734375,26851.27734375,11056770492
1684800000,26855.9609375,27434.68359375,26816.1796875,27225.7265625,13697203143
1684886400,27224.603515625,27224.603515625,26106.576171875,26334.818359375,16299104428
1684972800,26329.4609375,26591.51953125,25890.59375,26476.20703125,13851122697
1685059200,26474.181640625,26916.669921875,26343.94921875,26719.291015625,12711619225
1685145600,26720.181640625,26888.8828125,26621.140625,26868.353515625,7892015141
1685232000,26871.158203125,28193.44921875,26802.751953125,28085.646484375,14545229578
1685318400,28075.591796875,28432.0390625,27563.876953125,27745.884765625,15181308984
1685404800,27745.123046875,28044.759765625,27588.501953125,27702.349609375,13251081851
1685491200,27700.529296875,27831.677734375,26866.453125,27219.658203125,15656371534
1685577600,27218.412109375,27346.10546875,26671.720703125,26819.97265625,14678970415
1685664000,26824.556640625,27303.861328125,26574.64453125,27249.58984375,14837415000
1685750400,27252.32421875,27317.052734375,26958.00390625,27075.12890625,8385597470
1685836800,27075.123046875,27407.01953125,26968.224609375,27119.06640625,9360912318
1685923200,27123.109375,27129.982421875,25445.16796875,25760.09765625,21513292646
1686009600,25732.109375,27313.8203125,25434.8671875,27238.783203125,21929670693
1686096000,27235.650390625,27332.181640625,26146.98828125,26345.998046875,19530045082
1686182400,26347.654296875,26797.513671875,26246.6640625,26508.216796875,11904824295
1686268800,26505.923828125,26770.2890625,26339.314453125,26480.375,11015551640
1686355200,26481.76171875,26531.044921875,25501.8359375,25851.240234375,19872933189
1686441600,25854.03125,26203.439453125,25668.986328125,25940.16796875,10732609603
1686528000,25934.28515625,26087.919921875,25675.197265625,25902.5,11677889997
1686614400,25902.94140625,26376.3515625,25728.365234375,25918.728515625,14143474486
1686700800,25920.2578125,26041.80078125,24902.15234375,25124.67578125,14265717766
1686787200,25121.673828125,25735.30859375,24797.16796875,25576.39453125,15837384409
1686873600,25575.283203125,26463.173828125,25245.357421875,26327.462890625,16324646965
1686960000,26328.6796875,26769.39453125,26174.4921875,26510.67578125,11090276850
1687046400,26510.45703125,26675.92578125,26325.890625,26336.212890625,9565695129
1687132800,26335.44140625,26984.611328125,26312.83203125,26851.029296875,12826986222
1687219200,26841.6640625,28388.96875,26668.791015625,28327.48828125,22211859147
1687305600,28311.310546875,30737.330078125,28283.41015625,30027.296875,33346760979
1687392000,29995.935546875,30495.998046875,29679.158203125,29912.28125,20653160491
1687478400,29896.3828125,31389.5390625,29845.21484375,30695.46875,24115570085
1687564800,30708.73828125,30804.1484375,30290.146484375,30548.6953125,12147822496
1687651200,30545.150390625,31041.271484375,30327.943359375,30480.26171875,12703464114
1687737600,30480.5234375,30636.029296875,29955.744140625,30271.130859375,16493186997
1687824000,30274.3203125,31006.787109375,30236.650390625,30688.1640625,16428827944
1687910400,30696.560546875,30703.279296875,29921.822265625,30086.24609375,14571500779
1687996800,30086.1875,30796.25,30057.203125,30445.3515625,13180860821
1688083200,30441.353515625,31256.86328125,29600.275390625,30477.251953125,26387306197
1688169600,30471.84765625,30641.2890625,30328.865234375,30590.078125,9086606733
1688256000,30587.26953125,30766.140625,30264.01953125,30620.76953125,10533418042
1688342400,30624.515625,31375.61328125,30586.513671875,31156.439453125,15271884873
1688428800,31156.865234375,31325.197265625,30659.35546875,30777.58203125,12810828427
1688515200,30778.724609375,30877.330078125,30225.61328125,30514.166015625,12481622280
1688601600,30507.150390625,31460.052734375,29892.2265625,29909.337890625,21129219509
1688688000,29907.998046875,30434.64453125,29777.28515625,30342.265625,13384770155
1688774400,30346.921875,30374.4375,30080.16015625,30292.541015625,7509378699
1688860800,30291.611328125,30427.58984375,30085.591796875,30171.234375,7903327692
1688947200,30172.423828125,31026.083984375,29985.39453125,30414.470703125,14828209155
1689033600,30417.6328125,30788.314453125,30358.09765625,30620.951171875,12151839152
1689120000,30622.24609375,30959.96484375,30228.8359375,30391.646484375,14805659717
1689206400,30387.48828125,31814.515625,30268.3515625,31476.048828125,23686079548
1689292800,31474.720703125,31582.25390625,29966.38671875,30334.068359375,20917902660
1689379200,30331.783203125,30407.78125,30263.462890625,30295.806640625,8011667756
1689465600,30297.47265625,30437.560546875,30089.669921875,30249.1328125,8516564470
1689552000,30249.626953125,30336.400390625,29685.783203125,30145.888671875,13240156074
1689638400,30147.0703125,30233.65625,29556.427734375,29856.5625,13138897269
1689724800,29862.046875,30184.181640625,29794.26953125,29913.923828125,12128602812
1689811200,29915.25,30195.53125,29638.095703125,29792.015625,14655207121
1689897600,29805.111328125,30045.998046875,29733.8515625,29908.744140625,10972789818
1689984000,29908.697265625,29991.615234375,29664.12109375,29771.802734375,7873300598
1690070400,29790.111328125,30330.640625,29741.52734375,30084.5390625,9220145050
1690156800,30081.662109375,30093.39453125,28934.294921875,29176.916015625,15395817395
1690243200,29178.970703125,29353.16015625,29062.43359375,29227.390625,10266772793
1690329600,29225.759765625,29675.552734375,29113.912109375,29354.97265625,13497554655
1690416000,29353.798828125,29560.966796875,29099.3515625,29210.689453125,10770779217
1690502400,29212.1640625,29521.513671875,29125.845703125,29319.24609375,11218474952
1690588800,29319.4453125,29396.84375,29264.166015625,29356.91796875,6481775959
1690675200,29357.09375,29443.169921875,29059.501953125,29275.30859375,8678454527
1690761600,29278.314453125,29489.873046875,29131.578125,29230.111328125,11656781982
1690848000,29230.873046875,29675.732421875,28657.0234375,29675.732421875,18272392391
1690934400,29704.146484375,29987.998046875,28946.509765625,29151.958984375,19212655598
1691020800,29161.8125,29375.70703125,28959.48828125,29178.6796875,12780357746
1691107200,29174.3828125,29302.078125,28885.3359375,29074.091796875,12036639988
1691193600,29075.388671875,29102.46484375,28957.796875,29042.126953125,6598366353
1691280000,29043.701171875,29160.822265625,28963.833984375,29041.85546875,7269806994
1691366400,29038.513671875,29244.28125,28724.140625,29180.578125,13618163710
1691452800,29180.01953125,30176.796875,29113.814453125,29765.4921875,17570561357
1691539200,29766.6953125,30093.435546875,29376.80078125,29561.494140625,18379521213
1691625600,29563.97265625,29688.564453125,29354.447265625,29429.591796875,11865344789
1691712000,29424.90234375,29517.7734375,29253.517578125,29397.71484375,10195168197
1691798400,29399.787109375,29465.11328125,29357.587890625,29415.96484375,6194358008
1691884800,29416.59375,29441.43359375,29265.806640625,29282.9140625,7329897180
1691971200,29283.263671875,29660.25390625,29124.10546875,29408.443359375,14013695304
1692057600,29408.048828125,29439.12109375,29088.853515625,29170.34765625,12640195779
1692144000,29169.07421875,29221.9765625,28701.779296875,28701.779296875,14949271904
1692230400,28699.802734375,28745.947265625,25409.111328125,26664.55078125,31120851211
1692316800,26636.078125,26808.1953125,25668.921875,26049.556640625,24026236529
1692403200,26047.83203125,26249.44921875,25802.408203125,26096.205078125,10631443812
1692489600,26096.861328125,26260.681640625,26004.314453125,26189.583984375,9036580420
1692576000,26188.69140625,26220.201171875,25846.087890625,26124.140625,13371557893
1692662400,26130.748046875,26135.5078125,25520.728515625,26031.65625,14503820706
1692748800,26040.474609375,26786.8984375,25804.998046875,26431.640625,16985265785
1692835200,26431.51953125,26554.91015625,25914.92578125,26162.373046875,12871532023
1692921600,26163.6796875,26248.103515625,25786.8125,26047.66796875,12406045118
1693008000,26047.234375,26107.384765625,25983.87890625,26008.462890625,6034817316
1693094400,26008.2421875,26165.373046875,25965.09765625,26089.693359375,6913768611
1693180800,26089.615234375,26198.578125,25880.599609375,26106.150390625,11002805166
1693267200,26102.486328125,28089.337890625,25912.62890625,27727.392578125,29368391712
1693353600,27726.083984375,27760.16015625,27069.20703125,27297.265625,16343655235
1693440000,27301.9296875,27456.078125,25752.9296875,25931.47265625,20181001451
1693526400,25934.021484375,26125.869140625,25362.609375,25800.724609375,17202862221
1693612800,25800.91015625,25970.28515625,25753.09375,25868.798828125,10100387473
1693699200,25869.47265625,26087.1484375,25817.03125,25969.56640625,8962524523
1693785600,25968.169921875,26081.525390625,25657.025390625,25812.416015625,10680635106
1693872000,25814.95703125,25858.375,25589.98828125,25779.982421875,11094740040
1693958400,25783.931640625,25953.015625,25404.359375,25753.236328125,12752705327
1694044800,25748.3125,26409.302734375,25608.201171875,26240.1953125,11088307100
1694131200,26245.208984375,26414.005859375,25677.48046875,25905.654296875,10817356400
1694217600,25905.42578125,25921.9765625,25810.494140625,25895.677734375,5481314132
1694304000,25895.2109375,25978.130859375,25640.26171875,25832.2265625,7899553047
1694390400,25831.71484375,25883.947265625,24930.296875,25162.654296875,14600006467
1694476800,25160.658203125,26451.939453125,25133.078125,25833.34375,18657279324
1694563200,25837.5546875,26376.11328125,25781.123046875,26228.32421875,13072077070
1694649600,26228.27734375,26774.623046875,26171.451171875,26539.673828125,13811359124
1694736000,26533.818359375,26840.498046875,26240.701171875,26608.693359375,11479735788
1694822400,26606.19921875,26754.76953125,26473.890625,26568.28125,7402031417
1694908800,26567.927734375,26617.998046875,26445.07421875,26534.1875,6774210670
1694995200,26532.994140625,27414.734375,26415.515625,26754.28125,15615339655
1695081600,26760.8515625,27488.763671875,26681.60546875,27211.1171875,13807690550
1695168000,27210.228515625,27379.505859375,26864.08203125,27132.0078125,13281116604
1695254400,27129.83984375,27152.939453125,26389.30078125,26567.6328125,13371443708
1695340800,26564.056640625,26726.078125,26495.533203125,26579.568359375,10578746709
1695427200,26578.556640625,26634.185546875,26520.51953125,26579.390625,7404700301
1695513600,26579.373046875,26716.05859375,26221.05078125,26256.826171875,8192867686
1695600000,26253.775390625,26421.5078125,26011.46875,26298.48046875,11997833257
1695686400,26294.7578125,26389.884765625,26090.712890625,26217.25,9985498161
1695772800,26209.498046875,26817.841796875,26111.46484375,26352.716796875,11718380997
1695859200,26355.8125,27259.5,26327.322265625,27021.546875,14079002707
1695945600,27024.841796875,27225.9375,26721.763671875,26911.720703125,10396435377
1696032000,26911.689453125,27091.794921875,26888.96875,26967.916015625,5331172801
1696118400,26967.396484375,28047.23828125,26965.09375,27983.75,9503917434
1696204800,27976.798828125,28494.458984375,27347.787109375,27530.78515625,19793041322
1696291200,27508.251953125,27667.19140625,27216.001953125,27429.978515625,11407814187
1696377600,27429.07421875,27826.658203125,27248.10546875,27799.39453125,11143355314
1696464000,27798.646484375,28091.861328125,27375.6015625,27415.912109375,11877253670
1696550400,27412.123046875,28252.537109375,27215.552734375,27946.59765625,13492391599
1696636800,27946.78125,28028.091796875,27870.423828125,27968.83984375,6553044316
1696723200,27971.677734375,28102.169921875,27740.662109375,27935.08984375,7916875290
1696809600,27934.47265625,27989.470703125,27302.5625,27583.677734375,12007668568
1696896000,27589.201171875,27715.84765625,27301.654296875,27391.01953125,9973350678
1696982400,27392.076171875,27474.115234375,26561.099609375,26873.3203125,13648094333
1697068800,26873.29296875,26921.439453125,26558.3203125,26756.798828125,9392909295
1697155200,26752.87890625,27092.697265625,26686.322265625,26862.375,15165312851
1697241600,26866.203125,26969.0,26814.5859375,26861.70703125,5388116782
1697328000,26858.01171875,27289.169921875,26817.89453125,27159.65234375,7098201980
1697414400,27162.62890625,29448.138671875,27130.47265625,28519.466796875,27833876539
1697500800,28522.09765625,28618.751953125,28110.185546875,28415.748046875,14872527508
1697587200,28413.53125,28889.009765625,28174.251953125,28328.341796875,12724128586
1697673600,28332.416015625,28892.474609375,28177.98828125,28719.806640625,14448058195
1697760000,28732.8125,30104.0859375,28601.669921875,29682.94921875,21536125230
1697846400,29683.380859375,30287.482421875,29481.751953125,29918.412109375,11541146996
1697932800,29918.654296875,30199.43359375,29720.3125,29993.896484375,10446520040
1698019200,30140.685546875,34370.4375,30097.828125,33086.234375,38363572311
1698105600,33077.3046875,35150.43359375,32880.76171875,33901.52734375,44934999645
1698192000,33916.04296875,35133.7578125,33709.109375,34502.8203125,25254318008
1698278400,34504.2890625,34832.91015625,33762.32421875,34156.6484375,19427195376
1698364800,34156.5,34238.2109375,33416.88671875,33909.80078125,16418032871
1698451200,33907.72265625,34399.390625,33874.8046875,34089.57421875,10160330825
1698537600,34089.37109375,34743.26171875,33947.56640625,34538.48046875,11160323986
1698624000,34531.7421875,34843.93359375,34110.97265625,34502.36328125,17184860315
1698710400,34500.078125,34719.25390625,34083.30859375,34667.78125,15758270810
1698796800,34657.2734375,35527.9296875,34170.69140625,35437.25390625,22446272005
1698883200,35441.578125,35919.84375,34401.57421875,34938.2421875,20998158544
1698969600,34942.47265625,34942.47265625,34133.44140625,34732.32421875,17158456701
1699056000,34736.32421875,35256.03125,34616.69140625,35082.1953125,9561294264
1699142400,35090.01171875,35340.33984375,34594.2421875,35049.35546875,12412743996
1699228800,35044.7890625,35286.02734375,34765.36328125,35037.37109375,12693436420
1699315200,35047.79296875,35892.41796875,34545.81640625,35443.5625,18834737789
1699401600,35419.4765625,35994.41796875,35147.80078125,35655.27734375,17295394918
1699488000,35633.6328125,37926.2578125,35592.1015625,36693.125,37762672382
1699574400,36702.25,37493.80078125,36362.75390625,37313.96875,22711265155
1699660800,37310.0703125,37407.09375,36773.66796875,37138.05078125,13924272142
1699747200,37133.9921875,37227.69140625,36779.1171875,37054.51953125,11545715999
1699833600,37070.3046875,37405.1171875,36399.60546875,36502.35546875,19057712790
1699920000,36491.7890625,36753.3515625,34948.5,35537.640625,23857403554
1700006400,35548.11328125,37964.89453125,35383.78125,37880.58203125,27365821679
1700092800,37879.98046875,37934.625,35545.47265625,36154.76953125,26007385366
1700179200,36164.82421875,36704.484375,35901.234375,36596.68359375,22445028430
1700265600,36625.37109375,36839.28125,36233.3125,36585.703125,11886022717
1700352000,36585.765625,37509.35546875,36414.59765625,37386.546875,12915986553
1700438400,37374.07421875,37756.8203125,36882.53125,37476.95703125,20888209068
1700524800,37469.16015625,37631.140625,35813.8125,35813.8125,25172163756
1700611200,35756.5546875,37856.98046875,35670.97265625,37432.33984375,24397247860
1700697600,37420.43359375,37643.91796875,36923.86328125,37289.62109375,14214948217
1700784000,37296.31640625,38415.33984375,37261.60546875,37720.28125,22922957823
1700870400,37721.4140625,37892.4296875,37617.41796875,37796.79296875,9099571165
1700956800,37796.828125,37820.30078125,37162.75,37479.12109375,13744796068
1701043200,37454.19140625,37559.35546875,36750.12890625,37254.16796875,19002925720
1701129600,37247.9921875,38368.48046875,36891.08984375,37831.0859375,21696137014
1701216000,37826.10546875,38366.11328125,37612.6328125,37858.4921875,20728546658
1701302400,37861.1171875,38141.75390625,37531.140625,37712.74609375,18115982627
1701388800,37718.0078125,38954.109375,37629.359375,38688.75,23512784002
1701475200,38689.27734375,39678.9375,38652.59375,39476.33203125,15534035612
1701561600,39472.20703125,40135.60546875,39298.1640625,39978.390625,15769696322
1701648000,39978.62890625,42371.75,39978.62890625,41980.09765625,39856129827
1701734400,41986.265625,44408.6640625,41421.1484375,44080.6484375,36312154535
1701820800,44080.0234375,44265.76953125,43478.08203125,43746.4453125,29909761586
1701907200,43769.1328125,44042.58984375,42880.6484375,43292.6640625,27635760671
1701993600,43293.13671875,44705.515625,43125.296875,44166.6015625,24421116687
1702080000,44180.01953125,44361.2578125,43627.59765625,43725.984375,17368210171
1702166400,43728.3828125,44034.625,43593.28515625,43779.69921875,13000481418
1702252800,43792.01953125,43808.375,40234.578125,41243.83203125,40632672038
1702339200,41238.734375,42048.3046875,40667.5625,41450.22265625,24779520132
1702425600,41468.46484375,43429.78125,40676.8671875,42890.7421875,26797884674
1702512000,42884.26171875,43390.859375,41767.08984375,43023.97265625,25578530178
1702598400,43028.25,43087.82421875,41692.96875,41929.7578125,19639442462
1702684800,41937.7421875,42664.9453125,41723.11328125,42240.1171875,14386729590
1702771200,42236.109375,42359.49609375,41274.54296875,41364.6640625,16678702876
1702857600,41348.203125,42720.296875,40530.2578125,42623.5390625,25224642008
1702944000,42641.51171875,43354.296875,41826.3359375,42270.52734375,23171001281
1703030400,42261.30078125,44275.5859375,42223.81640625,43652.25,27868908174
1703116800,43648.125,44240.66796875,43330.05078125,43869.15234375,22452766169
1703203200,43868.98828125,44367.95703125,43441.96875,43997.90234375,21028503216
1703289600,44012.19921875,44015.69921875,43351.35546875,43739.54296875,13507796558
1703376000,43728.3671875,43945.5234375,42786.91796875,43016.1171875,18830554085
1703462400,43010.57421875,43765.09375,42765.76953125,43613.140625,21115795370
1703548800,43599.84765625,43603.17578125,41676.48828125,42520.40234375,30026850982
1703635200,42518.46875,43683.16015625,42167.58203125,43442.85546875,25260941032
1703721600,43468.19921875,43804.78125,42318.55078125,42627.85546875,22992093014
1703808000,42614.64453125,43124.32421875,41424.0625,42099.40234375,26000021055
1703894400,42091.75390625,42584.125,41556.2265625,42156.90234375,16013925945
1703980800,42152.09765625,42860.9375,41998.25390625,42265.1875,16397498810
1704067200,42280.234375,44175.4375,42214.9765625,44167.33203125,18426978443
1704153600,44187.140625,45899.70703125,44176.94921875,44957.96875,39335274536
1704240000,44961.6015625,45503.2421875,40813.53515625,42848.17578125,46342323118
1704326400,42855.81640625,44770.0234375,42675.17578125,44179.921875,30448091210
1704412800,44192.98046875,44353.28515625,42784.71875,44162.69140625,32336029347
1704499200,44178.953125,44227.6328125,43475.15625,43989.1953125,16092503468
1704585600,43998.46484375,44495.5703125,43662.23046875,43943.09765625,19330573863
1704672000,43948.70703125,47218.0,43244.08203125,46970.50390625,42746192015
1704758400,46987.640625,47893.69921875,45244.71484375,46139.73046875,39821290992
1704844800,46121.5390625,47647.22265625,44483.15234375,46627.77734375,50114613298
1704931200,46656.07421875,48969.37109375,45678.64453125,46368.5859375,45833734549
1705017600,46354.79296875,46498.13671875,41903.76953125,42853.16796875,43332698900
1705104000,42799.4453125,43234.66015625,42464.14453125,42842.3828125,20601860469
1705190400,42842.26171875,43065.59765625,41724.61328125,41796.26953125,17521429522
1705276800,41715.06640625,43319.72265625,41705.41796875,42511.96875,22320220558
1705363200,42499.3359375,43566.2734375,42085.99609375,43154.9453125,24062872740
1705449600,43132.1015625,43189.890625,42189.30859375,42742.65234375,20851232595
1705536000,42742.3125,42876.34765625,40631.171875,41262.05859375,25218357242
1705622400,41278.4609375,42134.16015625,40297.45703125,41618.40625,25752407154
1705708800,41624.58984375,41877.89453125,41446.82421875,41665.5859375,11586690904
1705795200,41671.48828125,41855.3671875,41497.0078125,41545.78515625,9344043642
1705881600,41553.65234375,41651.20703125,39450.1171875,39507.3671875,31338708143
1705968000,39518.71484375,40127.3515625,38521.89453125,39845.55078125,29244553045
1706054400,39877.59375,40483.78515625,39508.796875,40077.07421875,22359526178
1706140800,40075.55078125,40254.48046875,39545.6640625,39933.80859375,18491782013
1706227200,39936.81640625,42209.38671875,39825.69140625,41816.87109375,25598119893
1706313600,41815.625,42195.6328125,41431.28125,42120.0546875,11422941934
1706400000,42126.125,42797.17578125,41696.91015625,42035.59375,16858971687
1706486400,42030.9140625,43305.8671875,41818.33203125,43288.24609375,20668476578
1706572800,43300.2265625,43838.9453125,42711.37109375,42952.609375,23842814518
1706659200,42946.25,43717.40625,42298.9453125,42582.60546875,24673628793
1706745600,42569.76171875,43243.16796875,41879.19140625,43075.7734375,21423953779
1706832000,43077.640625,43422.48828125,42584.3359375,43185.859375,18603843039
1706918400,43184.96484375,43359.94140625,42890.80859375,42992.25,11169245236
1707004800,42994.94140625,43097.64453125,42374.83203125,42583.58203125,14802225490
1707091200,42577.62109375,43494.25,42264.81640625,42658.66796875,18715487317
1707177600,42657.390625,43344.1484375,42529.01953125,43084.671875,16798476726
1707264000,43090.01953125,44341.94921875,42775.95703125,44318.22265625,21126587775
1707350400,44332.125,45575.83984375,44332.125,45301.56640625,26154524080
1707436800,45297.3828125,48152.49609375,45260.82421875,47147.19921875,39316770844
1707523200,47153.52734375,48146.171875,46905.3203125,47771.27734375,16398681570
1707609600,47768.96875,48535.9375,47617.40625,48293.91796875,19315867136
1707696000,48296.38671875,50280.4765625,47745.76171875,49958.22265625,34511985805
1707782400,49941.359375,50358.390625,48406.49609375,49742.44140625,35593051468
1707868800,49733.4453125,52021.37109375,49296.83203125,51826.6953125,39105608050
1707955200,51836.78515625,52820.06640625,51371.62890625,51938.5546875,38564360533
1708041600,51937.7265625,52537.96875,51641.3671875,52160.203125,28180567298
1708128000,52161.67578125,52191.9140625,50669.66796875,51662.99609375,20009091006
1708214400,51661.96875,52356.96484375,51233.70703125,52122.546875,17595377311
1708300800,52134.8125,52483.32421875,51711.8203125,51779.14453125,21362184346
1708387200,51777.7265625,52945.05078125,50792.3125,52284.875,33353758256
1708473600,52273.53515625,52368.81640625,50671.7578125,51839.1796875,28624907020
1708560000,51854.64453125,52009.61328125,50926.29296875,51304.97265625,25413900611
1708646400,51283.90625,51497.93359375,50561.77734375,50731.94921875,21427078270
1708732800,50736.37109375,51684.1953125,50585.4453125,51571.1015625,15174077879
1708819200,51565.21484375,51950.02734375,51306.171875,51733.23828125,15413239245
1708905600,51730.5390625,54938.17578125,50931.03125,54522.40234375,34074411896
1708992000,54519.36328125,57537.83984375,54484.19921875,57085.37109375,49756832031
1709078400,57071.09765625,63913.1328125,56738.42578125,62504.7890625,83239156760
1709164800,62499.18359375,63585.64453125,60498.73046875,61198.3828125,65496611844
1709251200,61168.0625,63155.1015625,60802.52734375,62440.6328125,40186368423
1709337600,62431.65234375,62458.69921875,61657.2890625,62029.84765625,23888473685
1709424000,62031.578125,63230.2109375,61435.0234375,63167.37109375,26253811450
1709510400,63137.00390625,68537.03125,62386.51953125,68330.4140625,70670471105
1709596800,68341.0546875,69170.625,59323.91015625,63801.19921875,102802940877
1709683200,63776.05078125,67637.9296875,62848.671875,66106.8046875,68750229073
1709769600,66099.7421875,68029.921875,65655.53125,66925.484375,46989543159
1709856000,66938.09375,70083.0546875,66230.453125,68300.09375,59202881172
1709942400,68299.2578125,68673.0546875,68053.125,68498.8828125,21609650379
1710028800,68500.2578125,70005.203125,68239.9765625,69019.7890625,35683977532
1710115200,69020.546875,72850.7109375,67194.8828125,72123.90625,65716656765
1710201600,72125.125,72825.65625,68728.8515625,71481.2890625,62554434520
1710288000,71482.1171875,73637.4765625,71334.09375,73083.5,48212536929
1710374400,73079.375,73750.0703125,68563.0234375,71396.59375,59594605698
1710460800,71387.875,72357.1328125,65630.6953125,69403.7734375,78320453976
1710547200,69392.484375,70046.2734375,64801.39453125,65315.1171875,46842198371
1710633600,65316.34375,68845.71875,64545.31640625,68390.625,44716864318
1710720000,68371.3046875,68897.1328125,66594.2265625,67548.59375,49261579492
1710806400,67556.1328125,68106.9296875,61536.1796875,61912.7734375,74215844794
1710892800,61930.15625,68115.2578125,60807.78515625,67913.671875,66792634382
1710979200,67911.5859375,68199.9921875,64580.91796875,65491.390625,44480350565
1711065600,65489.9296875,66623.75,62355.37109375,63778.76171875,41401116964
1711152000,63802.72265625,65976.3984375,63038.4921875,64062.203125,24738964812
1711238400,64070.75390625,67622.7578125,63825.8515625,67234.171875,27206630673
1711324800,67234.09375,71162.59375,66414.8359375,69958.8125,42700139523
1711411200,69931.328125,71535.7421875,69335.609375,69987.8359375,36010437368
1711497600,69991.8984375,71727.6875,68381.9296875,69455.34375,40827113309
1711584000,69452.7734375,71546.0234375,68895.5078125,70744.953125,34374900617
1711670400,70744.796875,70913.09375,69076.65625,69892.828125,25230851763
1711756800,69893.4453125,70355.4921875,69601.0625,69645.3046875,17130241883
1711843200,69647.78125,71377.78125,69624.8671875,71333.6484375,20050941373
1711929600,71333.484375,71342.09375,68110.6953125,69702.1484375,34873527352
1712016000,69705.0234375,69708.3828125,64586.59375,65446.97265625,50705240709
1712102400,65446.671875,66914.3203125,64559.8984375,65980.8125,34488018367
1712188800,65975.6953125,69291.2578125,65113.796875,68508.84375,34439527442
1712275200,68515.7578125,68725.7578125,66011.4765625,67837.640625,33748230056
1712361600,67840.5703125,69629.6015625,67491.71875,68896.109375,19967785809
1712448000,68897.109375,70284.4296875,68851.6328125,69362.5546875,21204930369
1712534400,69362.5546875,72715.359375,69064.2421875,71631.359375,37261432669
1712620800,71632.5,71742.5078125,68212.921875,69139.015625,36426900409
1712707200,69140.2421875,71093.4296875,67503.5625,70587.8828125,38318601774
1712793600,70575.734375,71256.234375,69571.8125,70060.609375,30153382941
1712880000,70061.3828125,71222.7421875,65254.8359375,67195.8671875,44129299406
1712966400,67188.375,67931.4296875,60919.10546875,63821.47265625,52869738185
1713052800,63836.23046875,65824.4296875,62205.8515625,65738.7265625,49084320047
1713139200,65739.6484375,66878.6484375,62332.0703125,63426.2109375,43595917654
1713225600,63419.296875,64355.66796875,61716.40234375,63811.86328125,42847528078
1713312000,63831.84765625,64486.36328125,59768.5859375,61276.69140625,41915247049
1713398400,61275.31640625,64125.6875,60833.48046875,63512.75390625,36006307335
1713484800,63510.75,65481.59765625,59651.390625,63843.5703125,49920425401
1713571200,63851.1015625,65442.45703125,63172.40234375,64994.44140625,23097485495
1713657600,64992.81640625,65723.2421875,64277.72265625,64926.64453125,20506644853
1713744000,64935.6328125,67233.9609375,64548.1796875,66837.6796875,28282686673
1713830400,66839.890625,67199.2421875,65864.8671875,66407.2734375,24310975583
1713916800,66408.71875,67075.3671875,63589.87109375,64276.8984375,30276655120
1714003200,64275.01953125,65275.20703125,62783.6328125,64481.70703125,32155786816
1714089600,64485.37109375,64789.65625,63322.3984375,63755.3203125,24139372950
1714176000,63750.98828125,63898.36328125,62424.71875,63419.140625,19530783039
1714262400,63423.515625,64321.484375,62793.59765625,63113.23046875,17334827993
1714348800,63106.36328125,64174.87890625,61795.45703125,63841.12109375,26635912073
1714435200,63839.41796875,64703.33203125,59120.06640625,60636.85546875,37840840057
1714521600,60609.49609375,60780.5,56555.29296875,58254.01171875,48439780271
1714608000,58253.703125,59602.296875,56937.203125,59123.43359375,32711813559
1714694400,59122.30078125,63320.50390625,58848.3125,62889.8359375,33172023048
1714780800,62891.03125,64494.95703125,62599.3515625,63891.47265625,20620477992
1714867200,63892.453125,64610.890625,62955.3046875,64031.1328125,18296164805
1714953600,64038.3125,65494.90234375,62746.23828125,63161.94921875,28697928697
1715040000,63162.76171875,64390.45703125,62285.98046875,62334.81640625,25930730982
1715126400,62332.640625,62986.0859375,60877.12890625,61187.94140625,26088172222
1715212800,61191.19921875,63404.9140625,60648.07421875,63049.9609375,25453338161
1715299200,63055.19140625,63446.7421875,60208.78125,60792.77734375,27804954694
1715385600,60793.35546875,61451.15234375,60492.625,60793.7109375,13842272968
1715472000,60793.50390625,61818.15625,60632.6015625,61448.39453125,13800459405
1715558400,61451.21875,63422.66015625,60769.83984375,62901.44921875,27889181179
1715644800,62900.7734375,63092.125,61123.765625,61552.7890625,28186271527
1715731200,61553.98828125,66454.453125,61330.41015625,66267.4921875,39815167074
1715817600,66256.109375,66712.4296875,64613.0546875,65231.58203125,31573077994
1715904000,65231.296875,67459.4609375,65119.31640625,67051.875,28031279310
1715990400,67066.2109375,67387.328125,66663.5,66940.8046875,16712277406
1716076800,66937.9296875,67694.296875,65937.1796875,66278.3671875,19249094538
1716163200,66278.7421875,71483.5625,66086.171875,71448.1953125,43850655717
1716249600,71443.0625,71946.4609375,69191.125,70136.53125,46932005990
1716336000,70135.3203125,70623.6953125,68977.6953125,69122.3359375,32802561717
1716422400,69121.3046875,70041.2734375,66356.953125,67929.5625,41895680979
1716508800,67928.1328125,69220.296875,66622.671875,68526.1015625,29197308153
1716595200,68526.921875,69579.3203125,68515.8203125,69265.9453125,15473071741
1716681600,69264.2890625,69506.2265625,68183.890625,68518.09375,15628433737
1716768000,68512.1796875,70597.8828125,68232.5,69394.5546875,25870990717
1716854400,69392.1953125,69514.640625,67227.15625,68296.21875,32722265965
1716940800,68296.3515625,68852.4609375,67101.4921875,67578.09375,26707072906
1717027200,67576.0859375,69500.5390625,67118.078125,68364.9921875,29509712534
1717113600,68362.515625,68999.5625,66633.421875,67491.4140625,27387283769
1717200000,67489.609375,67839.765625,67386.1953125,67706.9375,11641495604
1717286400,67710.2734375,68409.1640625,67315.5234375,67751.6015625,17110588415
1717372800,67753.8984375,70230.8203125,67589.8359375,68804.78125,32401285324
1717459200,68804.5703125,71047.40625,68564.640625,70567.765625,33149696545
1717545600,70568.3515625,71735.4140625,70390.7109375,71082.8203125,32810771409
1717632000,71082.84375,71625.734375,70119.125,70757.1640625,25223152007
1717718400,70759.1875,71907.8515625,68507.2578125,69342.5859375,36188381096
1717804800,69324.1796875,69533.3203125,69210.7421875,69305.7734375,14262185861
1717891200,69297.4921875,69817.5234375,69160.84375,69647.9921875,13534028500
1717977600,69644.3125,70146.0703125,69232.421875,69512.28125,20597699541
1718064000,69508.078125,69549.4140625,66123.6015625,67332.03125,37116136345
1718150400,67321.375,69977.890625,66902.453125,68241.1875,34497940694
1718236800,68243.1015625,68365.78125,66304.5625,66756.3984375,28955204146
1718323200,66747.5703125,67294.6484375,65056.89453125,66011.09375,27403884779
1718409600,66006.7421875,66402.1875,65871.7734375,66191.0,14121265576
1718496000,66189.359375,66894.84375,66018.25,66639.046875,13281140541
1718582400,66636.515625,67188.3203125,65094.96484375,66490.296875,30006354476
1718668800,66490.9765625,66556.703125,64066.95703125,65140.74609375,39481285950
1718755200,65146.66015625,65695.3515625,64693.30078125,64960.296875,21103423504
1718841600,64960.296875,66438.9609375,64547.84765625,64828.65625,25641109124
1718928000,64837.98828125,65007.546875,63378.89453125,64096.19921875,26188171739
1719014400,64113.86328125,64475.46875,63929.7578125,64252.578125,9858198793
1719100800,64248.96484375,64491.703125,63180.796875,63180.796875,11170471802
1719187200,63173.3515625,63292.52734375,58601.69921875,60277.4140625,43152133651
1719273600,60266.28125,62258.26171875,60239.75,61804.640625,29201215431
1719360000,61789.67578125,62434.13671875,60695.1875,60811.27734375,22506003064
1719446400,60811.2265625,62293.86328125,60585.33203125,61604.80078125,21231745045
1719532800,61612.8046875,62126.09765625,59985.40234375,60320.13671875,24952866877
1719619200,60319.875,61097.62109375,60300.96484375,60887.37890625,12652903396
1719705600,60888.4453125,62892.828125,60632.94921875,62678.29296875,17333226409
1719792000,62673.60546875,63777.2265625,62495.51171875,62851.98046875,25468379421
1719878400,62844.41015625,63203.359375,61752.74609375,62029.015625,20151616992
1719964800,62034.33203125,62187.703125,59419.38671875,60173.921875,29756701685
1720051200,60147.13671875,60399.67578125,56777.8046875,56977.703125,41149609230
1720137600,57022.80859375,57497.15234375,53717.375,56662.375,55417544033
1720224000,56659.07421875,58472.546875,56038.9609375,58303.5390625,20610320577
1720310400,58239.4296875,58371.12109375,55793.32421875,55849.109375,20553359505
1720396800,55849.57421875,58131.3359375,54321.01953125,56705.09765625,39766159899
1720483200,56704.59765625,58239.1953125,56316.875,58009.2265625,27849512607
1720569600,58033.8828125,59359.43359375,57178.4140625,57742.49609375,26175260526
1720656000,57729.890625,59299.43359375,57120.37890625,57344.9140625,28707803842
1720742400,57341.1953125,58532.5546875,56590.17578125,57899.46484375,25604805221
1720828800,57908.73828125,59787.078125,57796.44140625,59231.953125,17080061806
1720915200,59225.25,61329.52734375,59225.25,60787.79296875,22223416061
1721001600,60815.45703125,64870.15234375,60704.9296875,64870.15234375,38094526099
1721088000,64784.41796875,65354.33984375,62487.96875,65097.1484375,41617346768
1721174400,65091.83203125,66066.734375,63896.0859375,64118.79296875,32525071311
1721260800,64104.73828125,65104.66015625,63246.1640625,63974.06640625,27239305337
1721347200,63972.32421875,67442.640625,63329.34375,66710.15625,37003855410
1721433600,66709.921875,67610.734375,66299.6171875,67163.6484375,19029581250
1721520000,67164.9140625,68372.90625,65842.296875,68154.5234375,26652190004
1721606400,68152.9765625,68480.0625,66611.296875,67585.25,42649109453
1721692800,67584.8046875,67779.015625,65484.4609375,65927.671875,35605668666
1721779200,65927.859375,67113.984375,65146.99609375,65372.1328125,27470942309
1721865600,65375.875,66112.421875,63473.47265625,65777.2265625,38315761670
1721952000,65771.8125,68207.6015625,65743.765625,67912.0625,30488630457
1722038400,67911.8125,69398.5078125,66705.21875,67813.3359375,34691905492
1722124800,67808.65625,68301.8515625,67085.828125,68255.8671875,18043166945
1722211200,68259.0546875,69987.5390625,66532.59375,66819.9140625,40780682628
1722297600,66819.0546875,66987.671875,65323.19140625,66201.015625,31380492109
1722384000,66201.2734375,66810.2109375,64532.046875,64619.25,31292785994
1722470400,64625.83984375,65593.2421875,62248.94140625,65357.5,40975554494
1722556800,65353.5,65523.22265625,61184.89453125,61415.06640625,43060875727
1722643200,61414.80859375,62148.37109375,59836.52734375,60680.09375,31753030589
1722729600,60676.09375,61062.98828125,57210.8046875,58116.9765625,31758917219
1722816000,58110.296875,58268.828125,49121.23828125,53991.45703125,108991085584
1722902400,53991.34765625,57059.91796875,53973.2734375,56034.31640625,49300484106
1722988800,56040.6328125,57726.8828125,54620.5078125,55027.4609375,41637562185
1723075200,55030.02734375,62673.765625,54766.7265625,61710.13671875,45298472567
1723161600,61728.20703125,61751.86328125,59587.859375,60880.11328125,33425553115
1723248000,60881.23046875,61464.51171875,60287.56640625,60945.8125,15745822278
1723334400,60944.890625,61778.66015625,58348.82421875,58719.484375,22759754812
1723420800,58719.39453125,60680.33203125,57688.8984375,59354.515625,37078637820
1723507200,59356.20703125,61572.3984375,58506.25390625,60609.56640625,30327698167
1723593600,60611.05078125,61687.7578125,58472.875,58737.26953125,29961696180
1723680000,58733.26171875,59838.6484375,56161.59375,57560.09765625,35682112440
1723766400,57560.2734375,59847.359375,57110.01953125,58894.10546875,29350938673
1723852800,58893.53125,59694.66796875,58814.83203125,59478.97265625,13589684021
1723939200,59468.1328125,60262.71875,58445.40234375,58483.96484375,17740625837
1724025600,58480.7109375,59612.66015625,57864.7109375,59493.453125,25911207712
1724112000,59493.453125,61396.328125,58610.8828125,59012.79296875,31613400008
1724198400,59014.98828125,61834.3515625,58823.4453125,61175.19140625,32731154072
1724284800,61168.31640625,61408.109375,59815.25390625,60381.9140625,27625734377
1724371200,60380.953125,64947.0625,60372.05078125,64094.35546875,42530509233
1724457600,64103.87109375,64513.7890625,63619.91796875,64178.9921875,21430585163
1724544000,64176.3671875,64996.421875,63833.51953125,64333.54296875,18827683555
1724630400,64342.2265625,64489.70703125,62849.55859375,62880.66015625,27682040631
1724716800,62879.70703125,63210.796875,58116.75,59504.1328125,39103882198
1724803200,59507.92578125,60236.44921875,57890.67578125,59027.625,40289564698
1724889600,59027.46875,61184.08203125,58786.2265625,59388.1796875,32224990582
1724976000,59388.6015625,59896.88671875,57768.53125,59119.4765625,32292756405
1725062400,59117.48046875,59432.59375,58768.78515625,58969.8984375,12403470760
1725148800,58969.80078125,59062.0703125,57217.82421875,57325.48828125,24592449997
1725235200,57326.96875,59403.0703125,57136.02734375,59112.48046875,27036454524
1725321600,59106.19140625,59815.05859375,57425.16796875,57431.0234375,26666961053
1725408000,57430.34765625,58511.5703125,55673.1640625,57971.5390625,35627680312
1725494400,57971.703125,58300.58203125,55712.453125,56160.48828125,31030280656
1725580800,56160.19140625,56976.109375,52598.69921875,53948.75390625,49361693566
1725667200,53949.0859375,54838.14453125,53740.0703125,54139.6875,19061486526
1725753600,54147.93359375,55300.859375,53653.7578125,54841.56640625,18268287531
1725840000,54851.88671875,58041.125,54598.43359375,57019.53515625,34618096173
1725926400,57020.09765625,58029.9765625,56419.4140625,57648.7109375,28857630507
1726012800,57650.2890625,57991.3203125,55567.33984375,57343.171875,37049062672
1726099200,57343.171875,58534.359375,57330.1015625,58127.01171875,33835707949
1726185600,58130.32421875,60648.0234375,57650.11328125,60571.30078125,32490528356
1726272000,60569.1171875,60656.72265625,59517.8828125,60005.12109375,16428405496
1726358400,60000.7265625,60381.91796875,58696.30859375,59182.8359375,18120960867
1726444800,59185.2265625,59205.51171875,57501.33984375,58192.5078125,32032822113
1726531200,58192.5078125,61316.08984375,57628.0703125,60308.5390625,38075570118
1726617600,60309.0,61664.06640625,59218.25390625,61649.6796875,40990702891
1726704000,61651.15625,63872.44140625,61609.8671875,62940.45703125,42710252573
1726790400,62941.42578125,64119.53125,62364.60546875,63192.9765625,35177164222
1726876800,63184.33984375,63543.359375,62783.10546875,63394.83984375,14408616220
1726963200,63396.8046875,63993.421875,62440.7265625,63648.7109375,20183348802
1727049600,63643.1015625,64733.55859375,62628.078125,63329.80078125,31400285425
1727136000,63326.83984375,64695.21484375,62737.41796875,64301.96875,29938335243
1727222400,64302.58984375,64804.50390625,62945.375,63143.14453125,25078377700
1727308800,63138.546875,65790.796875,62669.26953125,65181.01953125,36873129847
1727395200,65180.6640625,66480.6953125,64852.9921875,65790.6640625,32058813449
1727481600,65792.1796875,66255.53125,65458.03515625,65887.6484375,15243637984
1727568000,65888.8984375,66069.34375,65450.015625,65635.3046875,14788214575
1727654400,65634.65625,65635.0546875,62873.6171875,63329.5,37112957475
1727740800,63335.60546875,64110.98046875,60189.27734375,60837.0078125,50220923500
1727827200,60836.32421875,62357.6875,59996.94921875,60632.78515625,40762722398
1727913600,60632.484375,61469.0390625,59878.8046875,60759.40234375,36106447279
1728000000,60754.625,62465.9921875,60459.94140625,62067.4765625,29585472513
1728086400,62067.609375,62371.0234375,61689.58203125,62089.94921875,13305410749
1728172800,62084.98828125,62959.5703125,61833.1484375,62818.953125,14776233667
1728259200,62819.109375,64443.70703125,62152.55078125,62236.66015625,34253562610
1728345600,62221.64453125,63174.3046875,61843.5625,62131.96875,28134475157
1728432000,62131.7265625,62508.8359375,60314.61328125,60582.1015625,27670982363
1728518400,60581.9296875,61236.72265625,58895.20703125,60274.5,30452813570
1728604800,60275.4609375,63400.87109375,60046.125,62445.08984375,30327141594
1728691200,62444.6171875,63448.78515625,62443.26953125,63193.0234375,16744110886
1728777600,63192.9453125,63272.65234375,62035.63671875,62851.375,18177529690
1728864000,62848.3984375,66482.4921875,62442.15234375,66046.125,43706958056
1728950400,66050.3671875,67881.6796875,64809.1953125,67041.109375,48863870879
1729036800,67042.4609375,68375.2890625,66758.7265625,67612.71875,38195189534
1729123200,67617.078125,67912.2109375,66647.390625,67399.8359375,32790898511
1729209600,67419.109375,68969.75,67177.8203125,68418.7890625,36857165014
1729296000,68418.9765625,68668.0078125,68024.640625,68362.734375,14443497908
1729382400,68364.1796875,69359.0078125,68105.71875,69001.703125,18975847518
1729468800,69002.0,69462.734375,66829.8515625,67367.8515625,37498611780
1729555200,67360.703125,67801.578125,66581.3671875,67361.40625,31808472566
1729641600,67362.375,67402.7421875,65188.03515625,66432.1953125,32263980353
1729728000,66653.703125,68798.9609375,66454.1015625,68161.0546875,31414428647
1729814400,68165.296875,68722.15625,65521.79296875,66642.4140625,41469984306
1729900800,66628.734375,67317.921875,66360.59375,67014.6953125,19588098156
1729987200,67023.4765625,68221.3125,66847.2265625,67929.296875,16721307878
1730073600,67922.671875,70212.265625,67535.1328125,69907.7578125,38799856657
1730160000,69910.046875,73577.2109375,69729.9140625,72720.4921875,58541874402
1730246400,72715.3671875,72905.296875,71411.734375,72339.5390625,40646637831
1730332800,72335.046875,72662.3125,69590.5,70215.1875,40627912076
1730419200,70216.8984375,71559.015625,68779.703125,69482.46875,49989795365
1730505600,69486.0234375,69867.3515625,69033.71875,69289.2734375,18184612091
1730592000,69296.3828125,69361.65625,67482.5234375,68741.1171875,34868307655
1730678400,68742.1328125,69433.1796875,66803.6484375,67811.5078125,41184819348
1730764800,67811.171875,70522.7890625,67458.8671875,69359.5625,46046889204
1730851200,69358.5,76460.15625,69322.03125,75639.078125,118592653963
1730937600,75637.0859375,76943.1171875,74480.421875,75904.859375,63467654989
1731024000,75902.8359375,77252.75,75648.7421875,76545.4765625,55176858003
1731110400,76556.1875,76932.765625,75773.7890625,76778.8671875,29009480361
1731196800,76775.546875,81474.421875,76565.4296875,80474.1875,82570594495
1731283200,80471.4140625,89604.5,80283.25,88701.484375,117966845037
1731369600,88705.5625,89956.8828125,85155.109375,87955.8125,133673285375
1731456000,87929.96875,93434.3515625,86256.9296875,90584.1640625,123559027869
1731542400,90574.8828125,91765.21875,86682.8125,87250.4296875,87616705248
1731628800,87284.1796875,91868.7421875,87124.8984375,91066.0078125,78243109518
1731715200,91064.3671875,91763.9453125,90094.2265625,90558.4765625,44333192814
1731801600,90558.4609375,91433.0390625,88741.6640625,89845.8515625,46350159305
1731888000,89843.71875,92596.7890625,89393.59375,90542.640625,75535775084
1731974400,90536.8125,94002.8671875,90426.984375,92343.7890625,74521048295
1732060800,92341.890625,94902.0234375,91619.5,94339.4921875,71730956426
1732147200,94334.640625,99014.21875,94132.6015625,98504.7265625,106024505582
1732233600,98496.4296875,99655.5,97222.6640625,98997.6640625,78473580551
1732320000,99006.7421875,99014.6796875,97232.890625,97777.28125,44414644677
1732406400,97778.09375,98647.1796875,95788.078125,98013.8203125,51712020623
1732492800,98033.4453125,98935.03125,92642.9140625,93102.296875,80909462490
1732579200,93087.28125,94991.75,90770.8125,91985.3203125,91656519855
1732665600,91978.140625,97361.1796875,91778.6640625,95962.53125,71133452438
1732752000,95954.9453125,96650.203125,94677.3515625,95652.46875,52260008261
1732838400,95653.953125,98693.171875,95407.8828125,97461.5234375,54968682476
1732924800,97468.8125,97499.34375,96144.21875,96449.0546875,31634227866
1733011200,96461.3359375,97888.125,95770.1875,97279.7890625,36590695296
1733097600,97276.0078125,98152.6015625,94482.8671875,95865.3046875,72680784305
1733184000,95854.59375,96297.203125,93629.5625,96002.1640625,67067810961
1733270400,95988.53125,99207.328125,94660.5234375,98768.53125,77199817112
1733356800,98741.5390625,103900.46875,91998.78125,96593.5703125,149218945580
1733443200,97074.2265625,102039.8828125,96514.875,99920.7109375,94534772658
1733529600,99916.7109375,100563.3828125,99030.8828125,99923.3359375,44177510897
1733616000,99921.9140625,101399.9921875,98771.515625,101236.015625,44125751925
1733702400,101237.0625,101272.5078125,94355.9140625,97432.71875,110676473908
1733788800,97441.234375,98270.15625,94321.2578125,96675.4296875,104823780634
1733875200,96656.0625,101913.359375,95747.2265625,101173.03125,85391409936
1733961600,101167.8046875,102524.9140625,99339.953125,100043.0,72073983533
1734048000,100046.6484375,101888.8046875,99233.28125,101459.2578125,56894751583
1734134400,101451.4375,102618.8828125,100634.0546875,101372.96875,40422968793
1734220800,101373.53125,105047.5390625,101227.03125,104298.6953125,51145914137
1734307200,104293.578125,107780.578125,103322.984375,106029.71875,91020417816
1734393600,106030.6875,108268.4453125,105291.734375,106140.6015625,68589364868
1734480000,106147.296875,106470.609375,100041.5390625,100041.5390625,93865656139
1734566400,100070.6875,102748.1484375,95587.6796875,97490.953125,97221662392
1734652800,97484.6953125,98098.9140625,92175.1796875,97755.9296875,105634083408
1734739200,97756.1953125,99507.1015625,96426.5234375,97224.7265625,51765334294
1734825600,97218.3203125,97360.265625,94202.1875,95104.9375,43147981314
1734912000,95099.390625,96416.2109375,92403.1328125,94686.2421875,65239002919
1734998400,94684.34375,99404.0625,93448.015625,98676.09375,47114953674
1735084800,98675.9140625,99478.75,97593.46875,99299.1953125,33700394629
1735171200,99297.6953125,99884.5703125,95137.8828125,95795.515625,47054980873
1735257600,95704.9765625,97294.84375,93310.7421875,94164.859375,52419934565
1735344000,94160.1875,95525.8984375,94014.2890625,95163.9296875,24107436185
1735430400,95174.0546875,95174.875,92881.7890625,93530.2265625,29635885267
1735516800,93527.1953125,94903.3203125,91317.1328125,92643.2109375,56188003691
1735603200,92643.25,96090.6015625,91914.03125,93429.203125,43625106843
1735689600,93425.1015625,94929.8671875,92788.125,94419.7578125,24519888919
1735776000,94416.2890625,97739.8203125,94201.5703125,96886.875,46009564411
1735862400,96881.7265625,98956.9140625,96034.6171875,98107.4296875,35611391163
1735948800,98106.9921875,98734.4296875,97562.9765625,98236.2265625,22342608078
1736035200,98233.90625,98813.3046875,97291.765625,98314.9609375,20525254825
1736121600,98314.953125,102482.875,97926.1484375,102078.0859375,51823432705
1736208000,102248.8515625,102712.484375,96132.875,96922.703125,58685738547
1736294400,96924.1640625,97258.3203125,92525.84375,95043.5234375,63875859171
1736380800,95043.484375,95349.71875,91220.84375,92484.0390625,62777261693
1736467200,92494.4921875,95770.609375,92250.09375,94701.453125,62058693684
1736553600,94700.8359375,94977.6875,93840.046875,94566.59375,18860894100
1736640000,94565.7265625,95367.5390625,93712.5078125,94488.4375,20885130965
1736726400,94488.890625,95837.0,89260.1015625,94516.5234375,72978998252
1736812800,94519.0078125,97352.6640625,94322.15625,96534.046875,53769675818
1736899200,96534.046875,100697.234375,96501.640625,100504.4921875,57805923627
1736985600,100505.296875,100781.5859375,97364.4453125,99756.90625,54103781805
1737072000,100025.765625,105884.2265625,99948.90625,104462.0390625,71888972663
1737158400,104124.953125,104913.203125,102226.6171875,104408.0703125,50445655726
1737244800,104411.2890625,106299.796875,99570.53125,101089.609375,76789928525
1737331200,101083.75,109114.8828125,99471.359375,102016.6640625,126279678351
1737417600,102052.578125,107180.921875,100103.953125,106146.265625,88733878242
1737504000,106136.3828125,106294.34375,103360.265625,103653.0703125,53878181052
1737590400,103657.671875,106820.328125,101257.8046875,103960.171875,104104515428
1737676800,103965.671875,107098.546875,102772.125,104819.484375,52388229265
1737763200,104824.03125,105243.7890625,104120.375,104714.6484375,23888996502
1737849600,104713.2109375,105438.6484375,102507.7109375,102682.5,22543395879
1737936000,102680.3046875,103214.109375,97795.9375,102087.6875,89006608428
1738022400,102095.4140625,103730.8203125,100238.1875,101332.4765625,47180685494
1738108800,101317.5234375,104750.8046875,101283.8203125,103703.2109375,47432049818
1738195200,103709.3359375,106418.765625,103321.6484375,104735.3046875,41915744521
1738281600,104737.5625,106026.3515625,101543.8828125,102405.0234375,45732764360
1738368000,102402.796875,102755.7265625,100297.7109375,100655.90625,27757944848
1738454400,100661.5390625,101430.6640625,96216.078125,97688.9765625,63091816853
1738540800,97681.1015625,102514.171875,91242.890625,101405.421875,115400897748
1738627200,101398.71875,101745.6171875,96208.109375,97871.8203125,73002130211
1738713600,97878.0078125,99113.2109375,96174.828125,96615.4453125,49125911241
1738800000,96610.640625,99168.609375,95707.3515625,96593.296875,45302471947
1738886400,96581.3203125,100154.140625,95653.8828125,96529.0859375,55741290456
1738972800,96533.2578125,96877.8046875,95702.4921875,96482.453125,22447526395
1739059200,96481.3125,97325.28125,94745.2578125,96500.09375,27732901800
1739145600,96499.4609375,98333.21875,95320.84375,97437.5546875,40078962391
1739232000,97438.1328125,98492.8984375,94875.0390625,95747.4296875,37488783272
1739318400,95745.6953125,98151.0234375,94101.203125,97885.859375,49340445530
1739404800,97888.75,98111.0859375,95269.7109375,96623.8671875,37147280860
1739491200,96623.3671875,98819.46875,96342.8046875,97508.96875,32697987277
1739577600,97508.3828125,97975.0390625,97240.1953125,97580.3515625,17047266288
1739664000,97580.4921875,97725.59375,96060.9765625,96175.03125,16536755396
1739750400,96179.0078125,97032.234375,95243.546875,95773.3828125,27336550690
1739836800,95773.8125,96695.375,93388.8359375,95539.546875,37325720482
1739923200,95532.53125,96855.59375,95011.96875,96635.609375,28990872862
1740009600,96632.6796875,98767.1953125,96442.671875,98333.9375,31668022771
1740096000,98340.671875,99497.96875,94852.9609375,96125.546875,49608706470
1740182400,96134.203125,96950.15625,95765.34375,96577.7578125,18353824477
1740268800,96577.8046875,96671.875,95270.453125,96273.921875,16999478976
1740355200,96277.9609375,96503.453125,91371.7421875,91418.171875,44046480529
1740441600,91437.1171875,92511.078125,86008.234375,88736.171875,92139104128
1740528000,88638.890625,89286.25,82131.8984375,84347.0234375,64597492134
1740614400,84076.859375,87000.78125,83144.9609375,84704.2265625,52659591954
1740700800,84705.625,85036.3203125,78248.9140625,84373.0078125,83610570576
1740787200,84373.8671875,86522.3046875,83794.234375,86031.9140625,29190628396
1740873600,86036.2578125,95043.4375,85040.2109375,94248.3515625,58398341092
1740960000,94248.421875,94429.75,85081.3046875,86065.671875,70072228536
1741046400,86064.0703125,88911.2734375,81529.2421875,87222.1953125,68095241474
1741132800,87222.953125,90998.2421875,86379.7734375,90623.5625,50498988027
1741219200,90622.359375,92804.9375,87852.140625,89961.7265625,47749810486
1741305600,89963.28125,91191.046875,84717.6796875,86742.671875,65945677657
1741392000,86742.65625,86847.265625,85247.484375,86154.59375,18206118081
1741478400,86154.3046875,86471.1328125,80052.484375,80601.0390625,30899345977
1741564800,80597.1484375,83955.9296875,77420.59375,78532.0,54061099422
1741651200,78523.875,83577.7578125,76624.25,82862.2109375,54702837196
1741737600,82857.375,84358.578125,80635.25,83722.359375,40353484454
1741824000,83724.921875,84301.6953125,79931.8515625,81066.703125,31412940153
1741910400,81066.9921875,85263.2890625,80797.5625,83969.1015625,29588112414
1741996800,83968.40625,84672.671875,83639.59375,84343.109375,13650491277
1742083200,84333.3203125,85051.6015625,82017.90625,82579.6875,21330270174
1742169600,82576.3359375,84725.328125,82492.15625,84075.6875,25092785558
1742256000,84075.71875,84075.71875,81179.9921875,82718.5,24095774594
1742342400,82718.8046875,87021.1875,82569.7265625,86854.2265625,34931960257
1742428800,86872.953125,87443.265625,83647.1953125,84167.1953125,29028988961
1742515200,84164.5390625,84782.2734375,83171.0703125,84043.2421875,19030452299
1742601600,84046.2578125,84513.875,83674.78125,83832.484375,9863214091
1742688000,83831.8984375,86094.78125,83794.9140625,86054.375,12594615537
1742774400,86070.9296875,88758.7265625,85541.1953125,87498.9140625,34582604933
1742860800,87512.8203125,88542.3984375,86346.078125,87471.703125,30005840049
1742947200,87460.234375,88292.15625,85861.453125,86900.8828125,26704046038
1743033600,86896.2578125,87786.7265625,85837.9375,87177.1015625,24413471941
1743120000,87185.234375,87489.859375,83557.640625,84353.1484375,34198619509
1743206400,84352.0703125,84567.3359375,81634.140625,82597.5859375,16969396135
1743292800,82596.984375,83505.0,81573.25,82334.5234375,14763760943
1743379200,82336.0625,83870.125,81293.890625,82548.9140625,29004228247
1743465600,82551.921875,85487.3671875,82429.359375,85169.171875,28175650319
1743552000,85180.609375,88466.953125,82343.5390625,82485.7109375,47584398470
1743638400,82487.4765625,83909.296875,81282.1015625,83102.828125,36852112080
1743724800,83100.25,84696.1484375,81670.75,83843.8046875,45157640207
1743811200,83844.703125,84207.015625,82377.734375,83504.796875,14380803631
1743897600,83504.5078125,83704.71875,77097.7421875,78214.484375,36294853736
1743984000,78221.3359375,81119.0625,74436.6796875,79235.3359375,91262424987
1744070400,79218.4765625,80823.890625,76198.0234375,76271.953125,48314590749
1744156800,76273.5625,83541.0,74589.671875,82573.953125,84213627038
1744243200,82565.9765625,82700.9296875,78456.1328125,79626.140625,44718000633
1744329600,79625.046875,84247.4765625,78936.3203125,83404.8359375,41656778779
1744416000,83404.515625,85856.1875,82769.375,85287.109375,24258059104
1744502400,85279.46875,86015.1875,83027.0078125,83684.9765625,28796984817
1744588800,83694.5234375,85785.0,83690.640625,84542.390625,34090769777
1744675200,84539.6953125,86429.3515625,83598.8203125,83668.9921875,28040322885
1744761600,83674.5078125,85428.28125,83100.6171875,84033.8671875,29617804112
1744848000,84030.671875,85449.0703125,83749.75,84895.75,21276866029
1744934400,84900.1875,85095.046875,84298.8828125,84450.8046875,12728372364
1745020800,84450.8671875,85597.703125,84353.4609375,85063.4140625,15259300427
1745107200,85066.0703125,85306.3828125,83976.84375,85174.3046875,14664050812
1745193600,85171.5390625,88460.09375,85143.8359375,87518.90625,41396190190
1745280000,87521.875,93817.3828125,87084.53125,93441.890625,55899038456
1745366400,93427.5859375,94535.734375,91962.9609375,93699.109375,41719568821
1745452800,93692.3984375,94016.1953125,91696.7109375,93943.796875,31483175315
1745539200,93954.25,95768.390625,92898.59375,94720.5,40915232364
1745625600,94714.6484375,95251.359375,93927.25,94646.9296875,17612825123
1745712000,94660.90625,95301.203125,93665.3984375,93754.84375,18090367764
1745798400,93755.3046875,95598.4921875,92860.8046875,94978.75,32363449569
1745884800,94981.859375,95485.4140625,93796.6328125,94284.7890625,25806129921
1745971200,94286.46875,95249.3203125,92979.640625,94207.3125,28344679831
1746057600,94212.859375,97437.9609375,94153.6328125,96492.3359375,32875889623
1746144000,96494.96875,97905.8984375,96375.9453125,96910.0703125,26421924677
1746230400,96904.6328125,96943.8828125,95821.2890625,95891.796875,15775154889
1746316800,95877.1875,96318.921875,94173.4296875,94315.9765625,18198688416
1746403200,94319.5625,95193.1875,93566.265625,94748.0546875,25816260327
1746489600,94748.3828125,96889.1796875,93399.859375,96802.4765625,26551275827
1746576000,96800.1953125,97625.8046875,95829.3359375,97032.3203125,76983822462
1746662400,97034.25,103969.5390625,96913.875,103241.4609375,69895404397
1746748800,103239.125,104297.4921875,102343.09375,102970.8515625,58198593958
1746835200,102973.7109375,104961.765625,102830.484375,104696.328125,42276713994
1746921600,104701.0703125,104937.9921875,103364.7421875,104106.359375,46285517406
1747008000,104106.9609375,105747.453125,100814.40625,102812.953125,63250475404
1747094400,102812.4921875,104997.421875,101515.09375,104169.8125,52608876410
1747180800,104167.328125,104303.5625,102618.296875,103539.4140625,45956071155
1747267200,103538.828125,104153.6171875,101440.8125,103744.640625,50408241840
1747353600,103735.65625,104533.484375,103137.4765625,103489.2890625,44386499364
1747440000,103489.2890625,103716.9453125,102659.1796875,103191.0859375,37898552742
1747526400,103186.953125,106597.171875,103142.6015625,106446.0078125,49887082058
1747612800,106430.53125,107068.71875,102112.6875,105606.1796875,61761126647
1747699200,105605.40625,107307.1171875,104206.515625,106791.0859375,36515726122
1747785600,106791.3125,110724.4609375,106127.234375,109678.078125,78086364051
1747872000,109673.4921875,111970.171875,109285.0703125,111673.28125,70157575642
1747958400,111679.359375,111798.90625,106841.3046875,107287.796875,67548133399
1748044800,107278.5078125,109454.5234375,106895.2890625,107791.15625,45903627163
1748131200,107802.2734375,109313.3046875,106683.375,109035.390625,47518041841
1748217600,109023.78125,110376.8828125,108735.640625,109440.3671875,45950461571
1748304000,109440.40625,110744.2109375,107609.5546875,108994.640625,57450176272
1748390400,108992.171875,109298.2890625,106812.9296875,107802.328125,49155377493
1748476800,107795.5703125,108910.046875,105374.3984375,105641.7578125,56022752042
1748563200,105646.2109375,106308.9453125,103685.7890625,103998.5703125,57655287183
1748649600,103994.71875,104927.1015625,103136.1171875,104638.09375,38997843858
1748736000,104637.296875,105884.546875,103826.953125,105652.1015625,37397056873
1748822400,105649.8125,105958.3125,103727.546875,105881.53125,45819706290
1748908800,105888.4765625,106813.578125,104920.84375,105432.46875,46196508367
1748995200,105434.3671875,105997.6953125,104232.703125,104731.984375,44544857105
1749081600,104750.78125,105936.6875,100436.8828125,101575.953125,57479298400
1749168000,101574.3671875,105376.7734375,101169.5703125,104390.34375,48856653697
1749254400,104390.6484375,105972.7578125,103987.3125,105615.625,38365033776
1749340800,105617.5078125,106497.0625,105075.328125,105793.6484375,36626232328
1749427200,105793.0234375,110561.421875,105400.234375,110294.1015625,55903193732
1749513600,110295.6875,110380.125,108367.7109375,110257.234375,54700101509
1749600000,110261.796875,110384.21875,108086.328125,108686.625,50842662052
1749686400,108685.9140625,108780.6953125,105785.6875,105929.0546875,54843867968
1749772800,105924.59375,106182.546875,102822.0234375,106090.96875,69550440846
1749859200,106108.0859375,106203.7578125,104379.3671875,105472.40625,38007870453
1749945600,105464.84375,106157.1015625,104519.8828125,105552.0234375,36744307742
1750032000,105555.59375,108915.375,104997.625,106796.7578125,50366626945
1750118400,106794.1171875,107750.1953125,103396.53125,104601.1171875,55964092176
1750204800,104602.0703125,105581.8515625,103602.265625,104883.328125,47318089133
1750291200,104886.7734375,105250.890625,103940.7734375,104684.2890625,37333806920
1750377600,104681.03125,106539.3828125,102372.2109375,103309.6015625,50951862476
1750464000,103315.078125,104015.78125,100973.0625,102257.40625,38360555118
1750550400,102212.03125,103351.6328125,98286.203125,100987.140625,65536997201
1750636800,100987.4765625,106116.859375,99705.75,105577.7734375,65237759656
1750723200,105571.515625,106316.828125,104740.2421875,106045.6328125,48822986421
1750809600,106047.40625,108168.3984375,105881.390625,107361.2578125,51624120283
1750896000,107375.0703125,108305.546875,106666.3515625,106960.0,43891990613
1750982400,106954.921875,107772.46875,106449.9921875,107088.4296875,45353692675
1751068800,107090.546875,107567.8828125,106883.9765625,107327.703125,30037708335
1751155200,107327.8203125,108526.3046875,107230.109375,108385.5703125,35534874438
1751241600,108383.4375,108798.7890625,106759.6484375,107135.3359375,42064804590
1751328000,107144.3828125,107550.6796875,105270.2265625,105698.28125,44110692247
1751414400,105703.1015625,109763.65625,105157.3984375,108859.3203125,56248657737
1751500800,108845.015625,110541.4609375,108605.796875,109647.9765625,50494742270
1751587200,109635.65625,109751.984375,107296.3828125,108034.3359375,42616442656
1751673600,108015.8359375,108381.34375,107842.2734375,108231.1796875,30615537520
1751760000,108231.1875,109731.625,107847.015625,109232.0703125,36746020463
1751846400,109235.328125,109710.25,107527.0546875,108299.8515625,45415696597
1751932800,108298.2265625,109198.96875,107499.5546875,108950.2734375,44282204127
1752019200,108950.2734375,111925.375,108357.6796875,111326.5546875,57927418065
1752105600,111329.1953125,116608.78125,110660.75,115987.203125,95911605728
1752192000,115986.234375,118856.4765625,115245.6875,117516.9921875,86928361085
1752278400,117530.7109375,118219.8984375,116977.0234375,117435.2265625,45524560304
1752364800,117432.203125,119449.5703125,117265.4375,119116.1171875,49021091807
1752451200,119115.7890625,123091.609375,118959.1953125,119849.703125,181746419401
1752537600,119853.8515625,119935.5625,115765.6875,117777.1875,98321661181
1752624000,117777.1875,120065.515625,117064.8203125,118738.5078125,72162029070
1752710400,118738.5078125,120999.609375,117508.21875,119289.84375,72363841798
1752796800,119284.109375,120851.9140625,116925.984375,118003.2265625,77945799785
1752883200,117998.125,118541.3984375,117388.4140625,117939.9765625,47564562765
1752969600,117944.109375,118865.03125,116550.1328125,117300.7890625,57515447231
1753056000,117306.46875,119671.5625,116584.3984375,117439.5390625,69820091744
1753142400,117426.5,120269.96875,116233.2265625,119995.4140625,79217583118
1753228800,119997.4453125,120113.3515625,117391.390625,118754.9609375,66608604537
1753315200,118770.984375,119535.453125,117247.96875,118368.0,72627318560
1753401600,118368.0,118486.9765625,114759.8203125,117635.8828125,104857024569
1753488000,117644.84375,118335.6875,117181.2265625,117947.3671875,48508954046
1753574400,117944.7265625,119815.59375,117859.6875,119448.4921875,54683390892
1753660800,119457.5234375,119819.7890625,117441.4375,117924.4765625,64822943193
1753747200,117938.5859375,119273.8671875,116987.3671875,117922.1484375,68463107433
1753833600,117921.9921875,118780.7265625,115800.828125,117831.1875,68896148592
1753920000,117833.6328125,118919.984375,115505.21875,115758.203125,69370346018
1754006400,115738.953125,116060.7734375,112724.4453125,113320.0859375,91294530181
1754092800,113320.390625,114021.6015625,112005.765625,112526.9140625,56870866000
1754179200,112525.8046875,114747.421875,111943.8046875,114217.671875,48099615826
1754265600,114223.921875,115729.46875,114130.40625,115071.8828125,35783028986
1754352000,115072.1875,115117.4375,112701.109375,114141.4453125,61039182286
1754438400,114140.9140625,115737.8359375,113372.25,115028.0,56379133510
1754524800,115030.0546875,117676.90625,114279.7109375,117496.8984375,64051649681
1754611200,117505.5,117689.203125,115917.4609375,116688.7265625,59713005166
1754697600,116678.2734375,117906.609375,116363.8359375,116500.359375,54004312429
1754784000,116497.71875,119320.7109375,116485.1640625,119306.7578125,64755458694
1754870400,119306.8125,122321.09375,118159.03125,118731.4453125,90528784177
1754956800,118717.6640625,120302.46875,118228.71875,120172.90625,72803657984
1755043200,120168.9765625,123682.453125,118939.6328125,123344.0625,90904808795
1755129600,123339.3984375,124457.1171875,117254.8828125,118359.578125,104055627395
1755216000,118365.78125,119332.3125,116864.5703125,117398.3515625,68665353159
1755302400,117398.421875,117996.0625,117271.953125,117491.3515625,48036922378
1755388800,117492.7890625,118595.7734375,117279.5234375,117453.0625,45852169525
1755475200,117453.90625,117614.171875,114723.6796875,116252.3125,72787808090
1755561600,116241.859375,116764.5,112730.3984375,112831.1796875,71657600353
1755648000,112828.0234375,114625.796875,112387.9609375,114274.7421875,67993811526
1755734400,114275.6875,114802.6484375,111986.234375,112419.03125,57817883700
1755820800,112433.734375,117377.3984375,111678.9453125,116874.0859375,82528088240
1755907200,116866.3671875,116996.25,114536.109375,115374.328125,55377142586
1755993600,115387.390625,115615.0859375,111060.546875,113458.4296875,73961489632
1756080000,113456.8984375,113637.84375,109324.28125,110124.3515625,85706860190
1756166400,110124.1015625,112397.015625,108762.0390625,111802.65625,69396320317
1756252800,111795.7109375,112619.4140625,110398.265625,111222.0625,62137056409
1756339200,111219.0546875,113450.078125,110900.921875,112544.8046875,58860155962
1756425600,112550.5234375,112619.0546875,107559.625,108410.8359375,77843379644
1756512000,108409.40625,108929.3515625,107444.4453125,108808.0703125,51486264208
1756598400,108818.4609375,109491.0,108104.65625,108236.7109375,47986191770
1756684800,108228.75,109890.5859375,107271.1796875,109250.59375,66870372995
1756771200,109243.0703125,111748.015625,108454.03125,111200.5859375,74776999491
1756857600,111190.6953125,112600.2265625,110582.9609375,111723.2109375,61119643565
1756944000,111718.1484375,112208.328125,109347.2265625,110723.6015625,60131132901
1757030400,110723.015625,113357.4921875,110233.3984375,110650.984375,60241647677
1757116800,110650.5703125,111275.015625,110024.0859375,110224.6953125,21500719036
1757203200,110221.328125,111591.078125,110211.625,111167.6171875,24618007520
1757289600,111163.015625,112869.234375,110630.609375,112071.4296875,40212813407
1757376000,112077.578125,113225.4375,110776.703125,111530.546875,45984480722
1757462400,111531.25,114275.25,110940.078125,113955.359375,56377473784
1757548800,113961.4296875,115522.546875,113453.8359375,115507.5390625,45685065332
1757635200,115507.7890625,116769.3828125,114794.484375,116101.578125,54785725894
1757721600,116093.5625,116334.6328125,115248.2734375,115950.5078125,34549454947
1757808000,115950.2890625,116181.5,115222.3984375,115407.65625,32798036057
1757894400,115399.6328125,116747.8828125,114461.0625,115444.875,52937859416
1757980800,115423.7578125,117005.2734375,114813.09375,116843.1875,45781744593
1758067200,116840.5078125,117328.609375,114794.9765625,116468.5078125,60528025996
1758153600,116461.265625,117911.7890625,116188.796875,117137.203125,49457272032
1758240000,117137.671875,117479.7578125,115141.8203125,115688.859375,38828473971
1758326400,115691.125,116191.1484375,115473.5234375,115721.9609375,22864449614
1758412800,115730.2265625,115901.0859375,115252.578125,115306.09375,22495852193
1758499200,115309.21875,115431.3125,112037.6484375,112748.5078125,70684158591
1758585600,112757.4765625,113351.9140625,111535.5703125,112014.5,47211853279
1758672000,112007.6640625,113986.2734375,111229.640625,113328.6328125,48044595085
1758758400,113330.1640625,113541.0859375,108713.3984375,109049.2890625,75528654284
1758844800,109041.296875,110359.1953125,108728.9765625,109712.828125,57738288949
1758931200,109707.140625,109778.5,109144.296875,109681.9453125,26308042910
1759017600,109681.9453125,112375.484375,109236.9453125,112122.640625,33371048505
1759104000,112117.875,114473.5703125,111589.953125,114400.3828125,60000147466
1759190400,114396.5234375,114836.6171875,112740.5625,114056.0859375,58986330258
1759276800,114057.59375,118648.9296875,113981.3984375,118648.9296875,71328680132
1759363200,118652.3828125,121086.40625,118383.15625,120681.2578125,71415163912
1759449600,120656.984375,123944.703125,119344.3125,122266.53125,83941392228
1759536000,122267.46875,122857.640625,121577.5703125,122425.4296875,36769171735
1759622400,122419.671875,125559.2109375,122191.9609375,123513.4765625,73689317763
1759708800,123510.453125,126198.0703125,123196.046875,124752.53125,72568881188
1759795200,124752.140625,125184.0234375,120681.96875,121451.3828125,76149412513
1759881600,121448.3515625,124167.09375,121119.1796875,123354.8671875,65354305286
1759968000,123337.0703125,123739.34375,119812.03125,121705.5859375,74653009425
1760054400,121704.7421875,122509.6640625,104582.4140625,113214.3671875,153125018868
1760140800,113236.4296875,113429.7265625,109760.5625,110807.8828125,110236934340
1760227200,110811.515625,115805.0625,109715.5390625,115169.765625,93710414091
1760313600,115161.6796875,116020.484375,113821.1875,115271.078125,71582026739
1760400000,115264.8828125,115502.8828125,110029.484375,113118.6640625,92212917403
1760486400,113113.96875,113622.3828125,110235.8359375,110783.1640625,72574132855
1760572800,110782.171875,111990.8125,107537.03125,108186.0390625,87306423067
1760659200,108179.1328125,109235.8046875,103598.4296875,106467.7890625,99703051669
1760745600,106483.734375,107490.984375,106387.453125,107198.265625,37779905278
1760832000,107204.3125,109488.9921875,106157.7890625,108666.7109375,47657008953
1760918400,108667.4453125,111711.03125,107485.015625,110588.9296875,63507793085
1761004800,110587.6328125,113996.34375,107534.75,108476.890625,101194375480
1761091200,108491.53125,109115.1328125,106778.0,107688.5859375,80807013218
1761177600,107679.4375,111288.59375,107548.4296875,110069.7265625,54944076060
1761264000,110069.3515625,111842.53125,109770.1484375,111033.921875,48160816980
1761350400,111032.6171875,111947.703125,110704.40625,111641.7265625,24707667305
1761436800,111639.0546875,115260.90625,111268.484375,114472.4453125,41708524143
1761523200,114479.8515625,116273.3125,113882.2890625,114119.328125,61761358733
1761609600,114129.0859375,116078.984375,112291.6796875,112956.1640625,64528066504
1761696000,112921.328125,113642.7265625,109368.71875,110055.3046875,62192043469
1761782400,110059.1953125,111612.3515625,106376.6875,108305.546875,69673964814
1761868800,108304.4140625,111031.8203125,108288.2734375,109556.1640625,60090359560
1761955200,109558.625,110574.8984375,109372.953125,110064.015625,25871668762
1762041600,110064.4296875,111167.3125,109523.453125,110639.625,34284209459
1762128000,110646.90625,110764.9140625,105336.359375,106547.5234375,72852006359
1762214400,106541.421875,107264.8828125,98962.0625,101590.5234375,110967184773
1762300800,101579.234375,104534.703125,98989.9140625,103891.8359375,77584934804
1762387200,103893.6640625,104147.3046875,100336.8671875,101301.2890625,63932752861
1762473600,101286.2421875,104052.9140625,99257.0546875,103372.40625,92168030081
1762560000,103371.703125,103373.5625,101458.0390625,102282.1171875,51446691095
1762646400,102278.984375,105418.3671875,101468.875,104719.640625,59679243013
1762732800,104723.7734375,106564.6953125,104350.6484375,105996.59375,69585887229
1762819200,105996.859375,107428.2578125,102457.328125,102997.46875,71130078574
1762905600,103011.4375,105297.234375,100836.6171875,101663.1875,64347179408
1762992000,101674.1484375,104005.4921875,97988.71875,99697.4921875,101546815416
1763078400,99694.703125,99804.4296875,94000.734375,94397.7890625,114346441890
1763164800,94420.46875,96728.46875,94420.46875,95549.1484375,38500716654
1763251200,95556.8671875,96564.1875,92971.1640625,94177.078125,71086235862
1763337600,94180.875,95928.3671875,91214.7578125,92093.875,94186165724
1763424000,92094.53125,93745.078125,89300.4609375,92948.875,101333569062
1763510400,92946.1640625,92946.1640625,88526.828125,91465.9921875,80350354656
1763596800,91459.3515625,93025.0703125,86040.796875,86631.8984375,97970645638
1763683200,86528.7734375,87380.8046875,80659.8125,85090.6875,129157506112
1763769600,85098.5625,85503.0078125,83490.8984375,84648.359375,40793099246
1763856000,84648.609375,88038.46875,84641.7734375,86805.0078125,58083435576
1763942400,86798.7734375,89206.3359375,85272.1953125,88270.5625,74433896110
1764028800,88269.9609375,88457.3359375,86131.4296875,87341.890625,64837343545
1764115200,87345.5859375,90581.15625,86316.8984375,90518.3671875,66496301869
1764201600,90517.765625,91897.578125,90089.515625,91285.375,57040622845
1764288000,91285.3828125,92969.0859375,90257.1171875,90919.265625,60895830289
1764374400,90918.7421875,91187.6171875,90260.1875,90851.7578125,37921773455
1764460800,90838.2109375,91965.046875,90394.3125,90394.3125,38497902869
1764547200,90389.109375,90398.15625,83862.25,86321.5703125,87962894424
1764633600,86322.5390625,92316.6328125,86202.1953125,91350.203125,78546798211
1764720000,91345.09375,94060.7734375,91056.390625,93527.8046875,77650204986
1764806400,93454.2578125,94038.2421875,90976.1015625,92141.625,64538402681
1764892800,92133.6484375,92702.640625,88152.140625,89387.7578125,63256398633
1764979200,89389.359375,90267.4609375,88951.6640625,89272.375,37994042405
1765065600,89277.8125,91740.84375,87799.5625,90405.640625,47394898960
1765152000,90424.5859375,92267.1171875,89644.890625,90640.203125,57394099056
1765238400,90639.703125,94601.5703125,89586.9765625,92691.7109375,66861721440
1765324800,92695.234375,94477.15625,91640.1328125,92020.9453125,65420694513
1765411200,92011.3046875,93554.265625,89335.296875,92511.3359375,64532834621
1765497600,92513.6640625,92747.9296875,89532.6015625,90270.4140625,80275884583
1765584000,90257.796875,90647.5703125,89800.9921875,90298.7109375,64237748110
1765670400,90296.4375,90498.109375,87634.9375,88175.1796875,50465972205
1765756800,88171.078125,89983.921875,85304.078125,86419.78125,45559514323
1765843200,86424.40625,88170.09375,85381.6875,87843.984375,41262178223
1765929600,87847.6171875,90264.5703125,85316.265625,86143.7578125,44243392914
1766016000,86144.3671875,89412.6640625,84436.3125,85462.5078125,52667115348
1766102400,85476.1328125,89339.1171875,85107.6640625,88103.3828125,46733310561
1766188800,88101.671875,88497.203125,87924.875,88344.0,14688196659
1766275200,88344.703125,89027.953125,87613.203125,88621.75,19845522660
1766361600,88621.3984375,90501.9296875,87908.0703125,88490.015625,38047472118
1766448000,88490.03125,88898.3828125,86606.9765625,87414.0,43683011533
1766534400,87404.3203125,87956.8828125,86411.796875,87611.9609375,25550297986
1766620800,87608.3203125,88501.7890625,86949.2578125,87234.7421875,19953216347
1766707200,87235.5078125,89459.4296875,86628.140625,87301.4296875,42455674908
1766793600,87301.4296875,87874.78125,87182.9765625,87802.15625,13741199310
1766880000,87799.34375,87986.890625,87394.953125,87835.8359375,15156557929
1766966400,87835.7890625,90299.15625,86717.9140625,87138.140625,48411625849
1767052800,87134.3515625,89297.9375,86735.546875,88430.1328125,35586356225
1767139200,88429.5859375,89080.2890625,87130.5625,87508.828125,33830210616
1767225600,87508.046875,88803.2265625,87399.40625,88731.984375,18849043990
1767312000,88733.0625,90884.4609375,88298.6171875,89944.6953125,46398906171
1767489480,90598.7109375,91375.0859375,90598.7109375,91149.4140625,23158865920
