timestamp,open,high,low,close,volume
1609770600,3764.610107421875,3769.989990234375,3662.7099609375,3700.64990234375,5015000000
1609857000,3698.02001953125,3737.830078125,3695.070068359375,3726.860107421875,4591020000
1609943400,3712.199951171875,3783.0400390625,3705.340087890625,3748.139892578125,6064110000
1610029800,3764.7099609375,3811.550048828125,3764.7099609375,3803.7900390625,5099160000
1610116200,3815.050048828125,3826.68994140625,3783.60009765625,3824.679931640625,4773040000
1610375400,3803.139892578125,3817.860107421875,3789.02001953125,3799.610107421875,4465430000
1610461800,3801.6201171875,3810.780029296875,3776.510009765625,3801.18994140625,4994950000
1610548200,3802.22998046875,3820.9599609375,3791.5,3809.840087890625,4602510000
1610634600,3814.97998046875,3823.60009765625,3792.860107421875,3795.5400390625,5198480000
1610721000,3788.72998046875,3788.72998046875,3749.6201171875,3768.25,5369820000
1611066600,3781.8798828125,3804.530029296875,3780.3701171875,3798.909912109375,5014440000
1611153000,3816.219970703125,3859.75,3816.219970703125,3851.85009765625,4566190000
1611239400,3857.4599609375,3861.449951171875,3845.050048828125,3853.070068359375,4501760000
1611325800,3844.239990234375,3852.31005859375,3830.409912109375,3841.469970703125,5110890000
1611585000,3851.679931640625,3859.22998046875,3797.159912109375,3855.360107421875,7000840000
1611671400,3862.9599609375,3870.89990234375,3847.780029296875,3849.6201171875,6137500000
1611757800,3836.830078125,3836.830078125,3732.47998046875,3750.77001953125,9976520000
1611844200,3755.75,3830.5,3755.75,3787.3798828125,6992770000
1611930600,3778.050048828125,3778.050048828125,3694.1201171875,3714.239990234375,6643370000
1612189800,3731.169921875,3784.320068359375,3725.6201171875,3773.860107421875,5436230000
1612276200,3791.840087890625,3843.090087890625,3791.840087890625,3826.31005859375,5514090000
1612362600,3840.27001953125,3847.510009765625,3816.679931640625,3830.169921875,4864870000
1612449000,3836.659912109375,3872.419921875,3836.659912109375,3871.739990234375,4879240000
1612535400,3878.300048828125,3894.56005859375,3874.929931640625,3886.830078125,4879470000
1612794600,3892.590087890625,3915.77001953125,3892.590087890625,3915.590087890625,4648360000
1612881000,3910.489990234375,3918.35009765625,3902.639892578125,3911.22998046875,4568320000
1612967400,3920.780029296875,3931.5,3884.93994140625,3909.8798828125,4837070000
1613053800,3916.39990234375,3925.989990234375,3890.389892578125,3916.3798828125,4590960000
1613140200,3911.64990234375,3937.22998046875,3905.780029296875,3934.830078125,4135060000
1613485800,3939.610107421875,3950.429931640625,3923.85009765625,3932.590087890625,5058990000
1613572200,3918.5,3933.610107421875,3900.429931640625,3931.330078125,4730650000
1613658600,3915.860107421875,3921.97998046875,3885.030029296875,3913.969970703125,4793650000
1613745000,3921.159912109375,3930.409912109375,3903.070068359375,3906.7099609375,4845320000
1614004200,3885.550048828125,3902.919921875,3874.7099609375,3876.5,5917100000
1614090600,3857.070068359375,3895.97998046875,3805.590087890625,3881.3701171875,6296610000
1614177000,3873.7099609375,3928.64990234375,3859.60009765625,3925.429931640625,6012790000
1614263400,3915.800048828125,3925.02001953125,3814.0400390625,3829.340087890625,6547470000
1614349800,3839.659912109375,3861.080078125,3789.5400390625,3811.14990234375,6526070000
1614609000,3842.510009765625,3914.5,3842.510009765625,3901.820068359375,5114820000
1614695400,3903.639892578125,3906.409912109375,3868.570068359375,3870.2900390625,5536010000
1614781800,3863.989990234375,3874.469970703125,3818.860107421875,3819.719970703125,6173660000
1614868200,3818.530029296875,3843.669921875,3723.340087890625,3768.469970703125,7195400000
1614954600,3793.580078125,3851.68994140625,3730.18994140625,3841.93994140625,6851070000
1615213800,3844.389892578125,3881.06005859375,3819.25,3821.35009765625,5871710000
1615300200,3851.929931640625,3903.760009765625,3851.929931640625,3875.43994140625,5513560000
1615386600,3891.989990234375,3917.35009765625,3885.72998046875,3898.81005859375,5847380000
1615473000,3915.5400390625,3960.27001953125,3915.5400390625,3939.340087890625,5312880000
1615559400,3924.52001953125,3944.989990234375,3915.2099609375,3943.340087890625,4476280000
1615815000,3942.9599609375,3970.080078125,3923.5400390625,3968.93994140625,4900100000
1615901400,3973.590087890625,3981.0400390625,3953.43994140625,3962.7099609375,4613080000
1615987800,3949.570068359375,3983.8701171875,3935.739990234375,3974.1201171875,4561660000
1616074200,3953.5,3969.6201171875,3910.860107421875,3915.4599609375,5118590000
1616160600,3913.139892578125,3930.1201171875,3886.75,3913.10009765625,7757420000
1616419800,3916.47998046875,3955.31005859375,3914.159912109375,3940.590087890625,4316260000
1616506200,3937.60009765625,3949.1298828125,3901.570068359375,3910.52001953125,4669010000
1616592600,3919.929931640625,3942.080078125,3889.070068359375,3889.139892578125,4783020000
1616679000,3879.340087890625,3919.5400390625,3853.5,3909.52001953125,4948340000
1616765400,3917.1201171875,3978.18994140625,3917.1201171875,3974.5400390625,5483160000
1617024600,3969.31005859375,3981.830078125,3943.25,3971.090087890625,4628180000
1617111000,3963.340087890625,3968.010009765625,3944.35009765625,3958.550048828125,4121510000
1617197400,3967.25,3994.409912109375,3966.97998046875,3972.889892578125,4578050000
1617283800,3992.780029296875,4020.6298828125,3992.780029296875,4019.8701171875,4162130000
1617629400,4034.43994140625,4083.419921875,4034.43994140625,4077.909912109375,4005030000
1617715800,4075.570068359375,4086.22998046875,4068.139892578125,4073.93994140625,4081270000
1617802200,4074.2900390625,4083.1298828125,4068.31005859375,4079.949951171875,4120810000
1617888600,4089.949951171875,4098.18994140625,4082.5400390625,4097.169921875,3907100000
1617975000,4096.10986328125,4129.47998046875,4095.510009765625,4128.7998046875,3640390000
1618234200,4124.7099609375,4131.759765625,4114.81982421875,4127.990234375,3588900000
1618320600,4130.10009765625,4148.0,4124.43017578125,4141.58984375,3734720000
1618407000,4141.580078125,4151.68994140625,4120.8701171875,4124.66015625,3985350000
1618493400,4139.759765625,4173.490234375,4139.759765625,4170.419921875,4033420000
1618579800,4174.14013671875,4191.31005859375,4170.75,4185.47021484375,4163820000
1618839000,4179.7998046875,4180.81005859375,4150.47021484375,4163.259765625,3810290000
1618925400,4159.18017578125,4159.18017578125,4118.3798828125,4134.93994140625,4342650000
1619011800,4128.419921875,4175.02001953125,4126.35009765625,4173.419921875,3887250000
1619098200,4170.4599609375,4179.56982421875,4123.68994140625,4134.97998046875,4245140000
1619184600,4138.77978515625,4194.169921875,4138.77978515625,4180.169921875,3569880000
1619443800,4185.02978515625,4194.18994140625,4182.35986328125,4187.6201171875,3748320000
1619530200,4188.25,4193.35009765625,4176.22021484375,4186.72021484375,3710700000
1619616600,4185.14013671875,4201.52978515625,4181.77978515625,4183.18017578125,3787360000
1619703000,4206.14013671875,4218.77978515625,4176.81005859375,4211.47021484375,4298680000
1619789400,4198.10009765625,4198.10009765625,4174.85009765625,4181.169921875,4300880000
1620048600,4191.97998046875,4209.39013671875,4188.02978515625,4192.66015625,4070220000
1620135000,4179.0400390625,4179.0400390625,4128.58984375,4164.66015625,4452460000
1620221400,4177.06005859375,4187.72021484375,4160.93994140625,4167.58984375,4230920000
1620307800,4169.14013671875,4202.7001953125,4147.330078125,4201.6201171875,4511000000
1620394200,4210.33984375,4238.0400390625,4201.64013671875,4232.60009765625,4016080000
1620653400,4228.2900390625,4236.39013671875,4188.1298828125,4188.43017578125,4560700000
1620739800,4150.33984375,4162.0400390625,4111.52978515625,4152.10009765625,4870710000
1620826200,4130.5498046875,4134.72998046875,4056.8798828125,4063.0400390625,4733070000
1620912600,4074.989990234375,4131.580078125,4074.989990234375,4112.5,4779540000
1620999000,4129.580078125,4183.1298828125,4129.580078125,4173.85009765625,4008880000
1621258200,4169.919921875,4171.919921875,4142.68994140625,4163.2900390625,4125050000
1621344600,4165.93994140625,4169.14990234375,4125.990234375,4127.830078125,4398150000
1621431000,4098.4501953125,4116.93017578125,4061.409912109375,4115.68017578125,4247450000
1621517400,4121.97021484375,4172.7998046875,4121.97021484375,4159.1201171875,3978880000
1621603800,4168.60986328125,4188.72021484375,4151.72021484375,4155.85986328125,3995250000
1621863000,4170.16015625,4209.52001953125,4170.16015625,4197.0498046875,3684800000
1621949400,4205.93994140625,4213.419921875,4182.52001953125,4188.1298828125,4182250000
1622035800,4191.58984375,4202.60986328125,4184.10986328125,4195.990234375,4420890000
1622122200,4201.93994140625,4213.3798828125,4197.77978515625,4200.8798828125,6406310000
1622208600,4210.77001953125,4218.35986328125,4203.56982421875,4204.10986328125,4649250000
1622554200,4216.52001953125,4234.1201171875,4197.58984375,4202.0400390625,5074670000
1622640600,4206.81982421875,4217.3701171875,4198.27001953125,4208.1201171875,5833670000
1622727000,4191.43017578125,4204.39013671875,4167.93017578125,4192.85009765625,5587970000
1622813400,4206.0498046875,4233.4501953125,4206.0498046875,4229.89013671875,4139790000
1623072600,4229.33984375,4232.33984375,4215.66015625,4226.52001953125,4476920000
1623159000,4233.81005859375,4236.740234375,4208.41015625,4227.259765625,4659620000
1623245400,4232.990234375,4237.08984375,4218.740234375,4219.5498046875,4713260000
1623331800,4228.56005859375,4249.740234375,4220.33984375,4239.18017578125,4408210000
1623418200,4242.89990234375,4248.3798828125,4232.25,4247.43994140625,3815010000
1623677400,4248.31005859375,4255.58984375,4234.06982421875,4255.14990234375,4151200000
1623763800,4255.27978515625,4257.16015625,4238.35009765625,4246.58984375,4048940000
1623850200,4248.8701171875,4251.89013671875,4202.4501953125,4223.7001953125,4538350000
1623936600,4220.3701171875,4232.2900390625,4196.0498046875,4221.85986328125,5312680000
1624023000,4204.77978515625,4204.77978515625,4164.39990234375,4166.4501953125,6817010000
1624282200,4173.39990234375,4226.240234375,4173.39990234375,4224.7900390625,4128950000
1624368600,4224.60986328125,4255.83984375,4217.27001953125,4246.43994140625,3828390000
1624455000,4249.27001953125,4256.60009765625,4241.43017578125,4241.83984375,3730350000
1624541400,4256.97021484375,4271.27978515625,4256.97021484375,4266.490234375,3816660000
1624627800,4274.4501953125,4286.1201171875,4271.16015625,4280.7001953125,7341450000
1624887000,4284.89990234375,4292.14013671875,4274.669921875,4290.60986328125,4147890000
1624973400,4293.2099609375,4300.52001953125,4287.0400390625,4291.7998046875,3707150000
1625059800,4290.64990234375,4302.43017578125,4287.9599609375,4297.5,4266040000
1625146200,4300.72998046875,4320.66015625,4300.72998046875,4319.93994140625,3788230000
1625232600,4326.60009765625,4355.43017578125,4326.60009765625,4352.33984375,3225840000
1625578200,4356.4599609375,4356.4599609375,4314.3701171875,4343.5400390625,4309570000
1625664600,4351.009765625,4361.8798828125,4329.7900390625,4358.1298828125,4037380000
1625751000,4321.06982421875,4330.8798828125,4289.3701171875,4320.81982421875,4347500000
1625837400,4329.3798828125,4371.60009765625,4329.3798828125,4369.5498046875,3531120000
1626096600,4372.41015625,4386.68017578125,4364.02978515625,4384.6298828125,3384460000
1626183000,4381.06982421875,4392.3701171875,4366.919921875,4369.2099609375,3695430000
1626269400,4380.10986328125,4393.68017578125,4362.35986328125,4374.2998046875,4006370000
1626355800,4369.02001953125,4369.02001953125,4340.7001953125,4360.02978515625,3905230000
1626442200,4367.43017578125,4375.08984375,4322.52978515625,4327.16015625,3985700000
1626701400,4296.39990234375,4296.39990234375,4233.1298828125,4258.490234375,5157660000
1626787800,4265.10986328125,4336.83984375,4262.0498046875,4323.06005859375,4438270000
1626874200,4331.1298828125,4359.7001953125,4331.1298828125,4358.68994140625,3810280000
1626960600,4361.27001953125,4369.8701171875,4350.06005859375,4367.47998046875,3358300000
1627047000,4381.2001953125,4415.18017578125,4381.2001953125,4411.7900390625,4540070000
1627306200,4409.580078125,4422.72998046875,4405.4501953125,4422.2998046875,4275630000
1627392600,4416.3798828125,4416.3798828125,4372.509765625,4401.4599609375,4241950000
1627479000,4402.9501953125,4415.47021484375,4387.009765625,4400.64013671875,4215290000
1627565400,4403.58984375,4429.97021484375,4403.58984375,4419.14990234375,4044600000
1627651800,4395.1201171875,4412.25,4389.64990234375,4395.259765625,3956740000
1627911000,4406.85986328125,4422.18017578125,4384.81005859375,4387.16015625,3724090000
1627997400,4392.740234375,4423.7900390625,4373.0,4423.14990234375,3965190000
1628083800,4415.9501953125,4416.169921875,4400.22998046875,4402.66015625,4260760000
1628170200,4408.85986328125,4429.759765625,4408.85986328125,4429.10009765625,3769410000
1628256600,4429.06982421875,4440.81982421875,4429.06982421875,4436.52001953125,3451870000
1628515800,4437.77001953125,4439.39013671875,4424.740234375,4432.35009765625,3449280000
1628602200,4435.7900390625,4445.2099609375,4430.02978515625,4436.75,3886610000
1628688600,4442.18017578125,4449.43994140625,4436.419921875,4442.41015625,3532560000
1628775000,4446.080078125,4461.77001953125,4435.9599609375,4460.830078125,3375310000
1628861400,4464.83984375,4468.3701171875,4460.81982421875,4468.0,3016470000
1629120600,4461.64990234375,4480.259765625,4437.66015625,4479.7099609375,3370640000
1629207000,4462.1201171875,4462.1201171875,4417.830078125,4448.080078125,3836960000
1629293400,4440.93994140625,4454.31982421875,4397.58984375,4400.27001953125,3755590000
1629379800,4382.43994140625,4418.60986328125,4367.72998046875,4405.7998046875,4398410000
1629466200,4410.56005859375,4444.35009765625,4406.7998046875,4441.669921875,3652610000
1629725400,4450.2900390625,4489.8798828125,4450.2900390625,4479.52978515625,3576530000
1629811800,4484.39990234375,4492.81005859375,4482.27978515625,4486.22998046875,3979220000
1629898200,4490.4501953125,4501.7099609375,4485.66015625,4496.18994140625,3444700000
1629984600,4493.75,4495.89990234375,4468.990234375,4470.0,3263980000
1630071000,4474.10009765625,4513.330078125,4474.10009765625,4509.3701171875,3331200000
1630330200,4513.759765625,4537.35986328125,4513.759765625,4528.7900390625,3168660000
1630416600,4529.75,4531.39013671875,4515.7998046875,4522.68017578125,4290710000
1630503000,4528.7998046875,4537.10986328125,4522.02001953125,4524.08984375,4057340000
1630589400,4534.47998046875,4545.85009765625,4524.66015625,4536.9501953125,3735990000
1630675800,4532.419921875,4541.4501953125,4521.2998046875,4535.43017578125,3217530000
1631021400,4535.3798828125,4535.3798828125,4513.0,4520.02978515625,3822960000
1631107800,4518.08984375,4521.7900390625,4493.9501953125,4514.06982421875,3750880000
1631194200,4513.02001953125,4529.89990234375,4492.06982421875,4493.27978515625,3735390000
1631280600,4506.919921875,4520.47021484375,4457.66015625,4458.580078125,3623180000
1631539800,4474.81005859375,4492.990234375,4445.7001953125,4468.72998046875,3914220000
1631626200,4479.330078125,4485.68017578125,4435.4599609375,4443.0498046875,3670460000
1631712600,4447.490234375,4486.8701171875,4438.3701171875,4480.7001953125,4032020000
1631799000,4477.08984375,4485.8701171875,4443.7998046875,4473.75,3984560000
1631885400,4469.740234375,4471.52001953125,4427.759765625,4432.990234375,7289530000
1632144600,4402.9501953125,4402.9501953125,4305.91015625,4357.72998046875,4898070000
1632231000,4374.4501953125,4394.8701171875,4347.9599609375,4354.18994140625,3920920000
1632317400,4367.43017578125,4416.75,4367.43017578125,4395.64013671875,3939170000
1632403800,4406.75,4465.39990234375,4406.75,4448.97998046875,3916350000
1632490200,4438.0400390625,4463.1201171875,4430.27001953125,4455.47998046875,3384290000
1632749400,4442.1201171875,4457.2998046875,4436.18994140625,4443.10986328125,4058650000
1632835800,4419.5400390625,4419.5400390625,4346.330078125,4352.6298828125,4416550000
1632922200,4362.41015625,4385.56982421875,4355.080078125,4359.4599609375,3712660000
1633008600,4370.669921875,4382.5498046875,4306.240234375,4307.5400390625,4448140000
1633095000,4317.16015625,4375.18994140625,4288.52001953125,4357.0400390625,4010370000
1633354200,4348.83984375,4355.509765625,4278.93994140625,4300.4599609375,4307870000
1633440600,4309.8701171875,4369.22998046875,4309.8701171875,4345.72021484375,3902890000
1633527000,4319.56982421875,4365.56982421875,4290.490234375,4363.5498046875,4009630000
1633613400,4383.72998046875,4429.97021484375,4383.72998046875,4399.759765625,3843740000
1633699800,4406.509765625,4412.02001953125,4386.22021484375,4391.33984375,3280160000
1633959000,4385.43994140625,4415.8798828125,4360.58984375,4361.18994140625,3281970000
1634045400,4368.31005859375,4374.89013671875,4342.08984375,4350.64990234375,3558450000
1634131800,4358.009765625,4372.8701171875,4329.919921875,4363.7998046875,3620070000
1634218200,4386.75,4439.72998046875,4386.75,4438.259765625,3598280000
1634304600,4447.68994140625,4475.81982421875,4447.68994140625,4471.3701171875,3819380000
1634563800,4463.72021484375,4488.75,4447.47021484375,4486.4599609375,3662010000
1634650200,4497.33984375,4520.39990234375,4496.41015625,4519.6298828125,3459130000
1634736600,4524.419921875,4540.8701171875,4524.39990234375,4536.18994140625,3670760000
1634823000,4532.240234375,4551.43994140625,4526.89013671875,4549.77978515625,3822330000
1634909400,4546.1201171875,4559.669921875,4524.0,4544.89990234375,3758220000
1635168600,4553.68994140625,4572.6201171875,4537.35986328125,4566.47998046875,3899400000
1635255000,4578.68994140625,4598.52978515625,4569.169921875,4574.7900390625,3879740000
1635341400,4580.22021484375,4584.56982421875,4551.66015625,4551.68017578125,4226050000
1635427800,4562.83984375,4597.5498046875,4562.83984375,4596.419921875,4132950000
1635514200,4572.8701171875,4608.080078125,4567.58984375,4605.3798828125,4510200000
1635773400,4610.6201171875,4620.33984375,4595.06005859375,4613.669921875,3971540000
1635859800,4613.33984375,4635.14990234375,4613.33984375,4630.64990234375,3975250000
1635946200,4630.64990234375,4663.4599609375,4621.18994140625,4660.56982421875,4319660000
1636032600,4662.93017578125,4683.0,4662.58984375,4680.06005859375,4462300000
1636119000,4699.259765625,4718.5,4681.31982421875,4697.52978515625,4467180000
1636381800,4701.47998046875,4714.919921875,4694.39013671875,4701.7001953125,4269710000
1636468200,4707.25,4708.52978515625,4670.8701171875,4685.25,4117080000
1636554600,4670.259765625,4684.85009765625,4630.85986328125,4646.7099609375,4503720000
1636641000,4659.39013671875,4664.5498046875,4648.31005859375,4649.27001953125,3926870000
1636727400,4655.240234375,4688.47021484375,4650.77001953125,4682.85009765625,3728600000
1636986600,4689.2998046875,4697.419921875,4672.85986328125,4682.7998046875,3488410000
1637073000,4679.419921875,4714.9501953125,4679.419921875,4700.89990234375,3972640000
1637159400,4701.5,4701.5,4684.41015625,4688.669921875,3969070000
1637245800,4700.72021484375,4708.7998046875,4672.77978515625,4704.5400390625,4226410000
1637332200,4708.43994140625,4717.75,4694.22021484375,4697.9599609375,4253180000
1637591400,4712.0,4743.830078125,4682.169921875,4682.93994140625,4441100000
1637677800,4678.47998046875,4699.39013671875,4652.66015625,4690.7001953125,4277590000
1637764200,4675.77978515625,4702.8701171875,4659.89013671875,4701.4599609375,3418430000
1637937000,4664.6298828125,4664.6298828125,4585.43017578125,4594.6201171875,3517700000
1638196200,4628.75,4672.9501953125,4625.259765625,4655.27001953125,4336410000
1638282600,4640.25,4646.02001953125,4560.0,4567.0,6625990000
1638369000,4602.81982421875,4652.93994140625,4510.27001953125,4513.0400390625,5366730000
1638455400,4504.72998046875,4595.4599609375,4504.72998046875,4577.10009765625,5077180000
1638541800,4589.490234375,4608.02978515625,4495.1201171875,4538.43017578125,5240070000
1638801000,4548.3701171875,4612.60009765625,4540.509765625,4591.669921875,4770800000
1638887400,4631.97021484375,4694.0400390625,4631.97021484375,4686.75,4492400000
1638973800,4690.85986328125,4705.06005859375,4674.52001953125,4701.2099609375,4234600000
1639060200,4691.0,4695.259765625,4665.97998046875,4667.4501953125,3903840000
1639146600,4687.64013671875,4713.56982421875,4670.240234375,4712.02001953125,3870110000
1639405800,4710.2998046875,4710.2998046875,4667.60009765625,4668.97021484375,4397230000
1639492200,4642.990234375,4660.47021484375,4606.52001953125,4634.08984375,4485430000
1639578600,4636.4599609375,4712.60009765625,4611.22021484375,4709.85009765625,4910130000
1639665000,4719.1298828125,4731.990234375,4651.89013671875,4668.669921875,4829500000
1639751400,4652.5,4666.7001953125,4600.22021484375,4620.64013671875,7987090000
1640010600,4587.89990234375,4587.89990234375,4531.10009765625,4568.02001953125,4635700000
1640097000,4594.9599609375,4651.14013671875,4583.16015625,4649.22998046875,4072430000
1640183400,4650.35986328125,4697.669921875,4645.52978515625,4696.56005859375,3319610000
1640269800,4703.9599609375,4740.740234375,4703.9599609375,4725.7900390625,2913040000
1640615400,4733.990234375,4791.490234375,4733.990234375,4791.18994140625,2770290000
1640701800,4795.490234375,4807.02001953125,4780.0400390625,4786.35009765625,2707920000
1640788200,4788.64013671875,4804.06005859375,4778.080078125,4793.06005859375,2963310000
1640874600,4794.22998046875,4808.93017578125,4775.330078125,4778.72998046875,3124950000
1640961000,4775.2099609375,4786.830078125,4765.75,4766.18017578125,2677820000
1641220200,4778.14013671875,4796.64013671875,4758.169921875,4796.56005859375,3831020000
1641306600,4804.509765625,4818.6201171875,4774.27001953125,4793.5400390625,4683170000
1641393000,4787.990234375,4797.7001953125,4699.43994140625,4700.580078125,4887960000
1641479400,4693.39013671875,4725.009765625,4671.259765625,4696.0498046875,4295280000
1641565800,4697.66015625,4707.9501953125,4662.740234375,4677.02978515625,4181510000
1641825000,4655.33984375,4673.02001953125,4582.240234375,4670.2900390625,4511810000
1641911400,4669.14013671875,4714.1298828125,4638.27001953125,4713.06982421875,4101590000
1641997800,4728.58984375,4748.830078125,4706.7099609375,4726.35009765625,4048220000
1642084200,4733.56005859375,4744.1298828125,4650.2900390625,4659.02978515625,4251730000
1642170600,4637.990234375,4665.1298828125,4614.75,4662.85009765625,4338490000
1642516200,4632.240234375,4632.240234375,4568.7001953125,4577.10986328125,4748700000
1642602600,4588.02978515625,4611.5498046875,4530.2001953125,4532.759765625,4465740000
1642689000,4547.35009765625,4602.10986328125,4477.9501953125,4482.72998046875,4640870000
1642775400,4471.3798828125,4494.52001953125,4395.33984375,4397.93994140625,5589100000
1643034600,4356.31982421875,4417.35009765625,4222.6201171875,4410.1298828125,6928110000
1643121000,4366.64013671875,4411.009765625,4287.10986328125,4356.4501953125,5145050000
1643207400,4408.43017578125,4453.22998046875,4304.7998046875,4349.93017578125,5570640000
1643293800,4380.580078125,4428.740234375,4309.5,4326.509765625,5214200000
1643380200,4336.18994140625,4432.72021484375,4292.4599609375,4431.85009765625,5031090000
1643639400,4431.7900390625,4516.89013671875,4414.02001953125,4515.5498046875,5098610000
1643725800,4519.56982421875,4550.490234375,4483.52978515625,4546.5400390625,4816830000
1643812200,4566.39013671875,4595.31005859375,4544.31982421875,4589.3798828125,4481580000
1643898600,4535.41015625,4542.8798828125,4470.39013671875,4477.43994140625,4401970000
1643985000,4482.7900390625,4539.66015625,4451.5,4500.52978515625,4706290000
1644244200,4505.75,4521.85986328125,4471.47021484375,4483.8701171875,4228480000
1644330600,4480.02001953125,4531.31982421875,4465.39990234375,4521.5400390625,4459620000
1644417000,4547.0,4590.02978515625,4547.0,4587.18017578125,4524350000
1644503400,4553.240234375,4588.919921875,4484.31005859375,4504.080078125,5314860000
1644589800,4506.27001953125,4526.330078125,4401.41015625,4418.64013671875,5251500000
1644849000,4412.60986328125,4426.22021484375,4364.83984375,4401.669921875,4600390000
1644935400,4429.27978515625,4472.77001953125,4429.27978515625,4471.06982421875,4430830000
1645021800,4455.75,4489.5498046875,4429.68017578125,4475.009765625,4283640000
1645108200,4456.06005859375,4456.06005859375,4373.81005859375,4380.259765625,4539420000
1645194600,4384.56982421875,4394.60009765625,4327.22021484375,4348.8701171875,4708060000
1645540200,4332.740234375,4362.1201171875,4267.10986328125,4304.759765625,5121900000
1645626600,4324.93017578125,4341.509765625,4221.509765625,4225.5,4797430000
1645713000,4155.77001953125,4294.72998046875,4114.64990234375,4288.7001953125,6752130000
1645799400,4298.3798828125,4385.33984375,4286.830078125,4384.64990234375,5177060000
1646058600,4354.169921875,4388.83984375,4315.1201171875,4373.93994140625,6071370000
1646145000,4363.14013671875,4378.4501953125,4279.5400390625,4306.259765625,5846230000
1646231400,4322.56005859375,4401.47998046875,4322.56005859375,4386.5400390625,5337870000
1646317800,4401.31005859375,4416.77978515625,4345.56005859375,4363.490234375,5039890000
1646404200,4342.1201171875,4342.1201171875,4284.97998046875,4328.8701171875,5797380000
1646663400,4327.009765625,4327.009765625,4199.85009765625,4201.08984375,6940470000
1646749800,4202.66015625,4276.93994140625,4157.8701171875,4170.7001953125,7243120000
1646836200,4223.10009765625,4299.39990234375,4223.10009765625,4277.8798828125,5662670000
1646922600,4252.5498046875,4268.27978515625,4209.7998046875,4259.52001953125,4980830000
1647009000,4279.5,4291.009765625,4200.490234375,4204.31005859375,4938640000
1647264600,4202.75,4247.56982421875,4161.72021484375,4173.10986328125,5574920000
1647351000,4188.81982421875,4271.0498046875,4187.89990234375,4262.4501953125,5392470000
1647437400,4288.14013671875,4358.89990234375,4251.990234375,4357.85986328125,6309750000
1647523800,4345.10986328125,4412.669921875,4335.64990234375,4411.669921875,4985090000
1647610200,4407.33984375,4465.39990234375,4390.56982421875,4463.1201171875,8278430000
1647869400,4462.39990234375,4481.75,4424.2998046875,4461.18017578125,4869820000
1647955800,4469.10009765625,4522.0,4469.10009765625,4511.60986328125,4754840000
1648042200,4493.10009765625,4501.06982421875,4455.81005859375,4456.240234375,4550670000
1648128600,4469.97998046875,4520.580078125,4465.169921875,4520.16015625,4131390000
1648215000,4522.91015625,4546.02978515625,4501.06982421875,4543.06005859375,4305020000
1648474200,4541.08984375,4575.64990234375,4517.68994140625,4575.52001953125,4312260000
1648560600,4602.85986328125,4637.2998046875,4589.66015625,4631.60009765625,5085910000
1648647000,4624.2001953125,4627.77001953125,4581.31982421875,4602.4501953125,4385570000
1648733400,4599.02001953125,4603.06982421875,4530.41015625,4530.41015625,4823020000
1648819800,4540.31982421875,4548.7001953125,4507.56982421875,4545.85986328125,4562940000
1649079000,4547.97021484375,4583.5,4539.2099609375,4582.64013671875,4547350000
1649165400,4572.4501953125,4593.4501953125,4514.169921875,4525.1201171875,4800620000
1649251800,4494.169921875,4503.93994140625,4450.0400390625,4481.14990234375,4986830000
1649338200,4474.64990234375,4521.16015625,4450.2998046875,4500.2099609375,4821490000
1649424600,4494.14990234375,4520.41015625,4474.60009765625,4488.27978515625,4083200000
1649683800,4462.64013671875,4464.35009765625,4408.3798828125,4412.52978515625,4266290000
1649770200,4437.58984375,4471.0,4381.33984375,4397.4501953125,4152090000
1649856600,4394.2998046875,4453.919921875,4392.7001953125,4446.58984375,3828150000
1649943000,4449.1201171875,4460.4599609375,4390.77001953125,4392.58984375,4083090000
1650288600,4385.6298828125,4410.31005859375,4370.2998046875,4391.68994140625,3910490000
1650375000,4390.6298828125,4471.02978515625,4390.6298828125,4462.2099609375,4108120000
1650461400,4472.259765625,4488.2900390625,4448.759765625,4459.4501953125,4290450000
1650547800,4489.169921875,4512.93994140625,4384.47021484375,4393.66015625,4636890000
1650634200,4385.830078125,4385.830078125,4267.6201171875,4271.77978515625,4651940000
1650893400,4255.33984375,4299.02001953125,4200.81982421875,4296.1201171875,5240040000
1650979800,4278.14013671875,4278.14013671875,4175.0400390625,4175.2001953125,4689970000
1651066200,4186.52001953125,4240.7099609375,4162.89990234375,4183.9599609375,4769680000
1651152600,4222.580078125,4308.4501953125,4188.6298828125,4287.5,4854180000
1651239000,4253.75,4269.68017578125,4124.27978515625,4131.93017578125,5084030000
1651498200,4130.60986328125,4169.81005859375,4062.510009765625,4155.3798828125,5163790000
1651584600,4159.77978515625,4200.10009765625,4147.080078125,4175.47998046875,4582050000
1651671000,4181.18017578125,4307.66015625,4148.91015625,4300.169921875,5136360000
1651757400,4270.43017578125,4270.43017578125,4106.009765625,4146.8701171875,5077030000
1651843800,4128.169921875,4157.68994140625,4067.909912109375,4123.33984375,5116940000
1652103000,4081.27001953125,4081.27001953125,3975.47998046875,3991.239990234375,5954520000
1652189400,4035.179931640625,4068.820068359375,3958.169921875,4001.050048828125,5885820000
1652275800,3990.080078125,4049.090087890625,3928.820068359375,3935.179931640625,5816140000
1652362200,3903.949951171875,3964.800048828125,3858.8701171875,3930.080078125,6286450000
1652448600,3963.89990234375,4038.8798828125,3963.89990234375,4023.889892578125,5183340000
1652707800,4013.02001953125,4046.4599609375,3983.989990234375,4008.010009765625,4415030000
1652794200,4052.0,4090.719970703125,4033.929931640625,4088.85009765625,4841410000
1652880600,4051.97998046875,4051.97998046875,3911.909912109375,3923.679931640625,5103220000
1652967000,3899.0,3945.9599609375,3876.580078125,3900.7900390625,5113550000
1653053400,3927.760009765625,3943.419921875,3810.320068359375,3901.360107421875,5130730000
1653312600,3919.419921875,3981.8798828125,3909.0400390625,3973.75,4420030000
1653399000,3942.93994140625,3955.679931640625,3875.1298828125,3941.47998046875,4923190000
1653485400,3929.590087890625,3999.330078125,3925.030029296875,3978.72998046875,4802560000
1653571800,3984.60009765625,4075.139892578125,3984.60009765625,4057.840087890625,4709970000
1653658200,4077.429931640625,4158.490234375,4077.429931640625,4158.240234375,4375620000
1654003800,4151.08984375,4168.33984375,4104.8798828125,4132.14990234375,6822640000
1654090200,4149.77978515625,4166.5400390625,4073.85009765625,4101.22998046875,4531800000
1654176600,4095.409912109375,4177.509765625,4074.3701171875,4176.81982421875,4405790000
1654263000,4137.56982421875,4142.669921875,4098.669921875,4108.5400390625,3711110000
1654522200,4134.72021484375,4168.77978515625,4109.18017578125,4121.43017578125,4332700000
1654608600,4096.47021484375,4164.85986328125,4080.18994140625,4160.68017578125,4248210000
1654695000,4147.1201171875,4160.14013671875,4107.2001953125,4115.77001953125,4159470000
1654781400,4101.64990234375,4119.10009765625,4017.169921875,4017.820068359375,4134170000
1654867800,3974.389892578125,3974.389892578125,3900.159912109375,3900.860107421875,4889640000
1655127000,3838.14990234375,3838.14990234375,3734.300048828125,3749.6298828125,5636890000
1655213400,3763.52001953125,3778.179931640625,3705.679931640625,3735.47998046875,5153890000
1655299800,3764.050048828125,3837.56005859375,3722.300048828125,3789.989990234375,5530480000
1655386200,3728.179931640625,3728.179931640625,3639.77001953125,3666.77001953125,5644930000
1655472600,3665.89990234375,3707.7099609375,3636.8701171875,3674.840087890625,8520740000
1655818200,3715.31005859375,3779.64990234375,3715.31005859375,3764.7900390625,5292260000
1655904600,3733.889892578125,3801.7900390625,3717.68994140625,3759.889892578125,5058990000
1655991000,3774.7099609375,3802.580078125,3743.52001953125,3795.72998046875,5098640000
1656077400,3821.75,3913.64990234375,3821.75,3911.739990234375,8120260000
1656336600,3920.760009765625,3927.719970703125,3889.659912109375,3900.110107421875,4325310000
1656423000,3913.0,3945.860107421875,3820.139892578125,3821.550048828125,4270120000
1656509400,3825.090087890625,3836.5,3799.02001953125,3818.830078125,4211240000
1656595800,3785.989990234375,3818.989990234375,3738.669921875,3785.3798828125,4840070000
1656682200,3781.0,3829.820068359375,3752.10009765625,3825.330078125,4046950000
1657027800,3792.610107421875,3832.18994140625,3742.06005859375,3831.389892578125,5076590000
1657114200,3831.97998046875,3870.909912109375,3809.3701171875,3845.080078125,4417720000
1657200600,3858.85009765625,3910.6298828125,3858.85009765625,3902.6201171875,4057770000
1657287000,3888.260009765625,3918.5,3869.340087890625,3899.3798828125,3521620000
1657546200,3880.93994140625,3880.93994140625,3847.219970703125,3854.429931640625,3423480000
1657632600,3851.949951171875,3873.409912109375,3802.360107421875,3818.800048828125,3817210000
1657719000,3779.669921875,3829.43994140625,3759.070068359375,3801.780029296875,4109390000
1657805400,3763.989990234375,3796.409912109375,3721.56005859375,3790.3798828125,4199690000
1657891800,3818.0,3863.6201171875,3817.179931640625,3863.159912109375,4143800000
1658151000,3883.7900390625,3902.43994140625,3818.6298828125,3830.85009765625,4046870000
1658237400,3860.72998046875,3939.81005859375,3860.72998046875,3936.68994140625,4041070000
1658323800,3935.320068359375,3974.1298828125,3922.030029296875,3959.89990234375,4185300000
1658410200,3955.469970703125,3999.2900390625,3927.639892578125,3998.949951171875,4132790000
1658496600,3998.429931640625,4012.43994140625,3938.860107421875,3961.6298828125,3979240000
1658755800,3965.719970703125,3975.300048828125,3943.4599609375,3966.840087890625,3568340000
1658842200,3953.219970703125,3953.219970703125,3910.739990234375,3921.050048828125,3778950000
1658928600,3951.429931640625,4039.56005859375,3951.429931640625,4023.610107421875,4112180000
1659015000,4026.1298828125,4078.949951171875,3992.969970703125,4072.429931640625,4413000000
1659101400,4087.330078125,4140.14990234375,4079.219970703125,4130.2900390625,4616360000
1659360600,4112.3798828125,4144.9501953125,4096.02001953125,4118.6298828125,4202810000
1659447000,4104.2099609375,4140.47021484375,4079.81005859375,4091.18994140625,4727710000
1659533400,4107.9599609375,4167.66015625,4107.9599609375,4155.169921875,4351760000
1659619800,4154.85009765625,4161.2900390625,4135.419921875,4151.93994140625,4283320000
1659706200,4115.8701171875,4151.580078125,4107.31005859375,4145.18994140625,4085940000
1659965400,4155.93017578125,4186.6201171875,4128.97021484375,4140.06005859375,4221090000
1660051800,4133.10986328125,4137.2998046875,4112.08984375,4122.47021484375,3913090000
1660138200,4181.02001953125,4211.02978515625,4177.259765625,4210.240234375,4546010000
1660224600,4227.39990234375,4257.91015625,4201.41015625,4207.27001953125,4630200000
1660311000,4225.02001953125,4280.47021484375,4219.77978515625,4280.14990234375,3788010000
1660570200,4269.3701171875,4301.7900390625,4256.89990234375,4297.14013671875,3696830000
1660656600,4290.4599609375,4325.27978515625,4277.77001953125,4305.2001953125,4329820000
1660743000,4280.39990234375,4302.18017578125,4253.080078125,4274.0400390625,3885030000
1660829400,4273.1298828125,4292.52978515625,4261.97998046875,4283.740234375,3340330000
1660915800,4266.31005859375,4266.31005859375,4218.7001953125,4228.47998046875,3761340000
1661175000,4195.080078125,4195.080078125,4129.85986328125,4137.990234375,3907430000
1661261400,4133.08984375,4159.77001953125,4124.02978515625,4128.72998046875,3823520000
1661347800,4126.5498046875,4156.56005859375,4119.97021484375,4140.77001953125,3583630000
1661434200,4153.259765625,4200.5400390625,4147.58984375,4199.1201171875,3566870000
1661520600,4198.740234375,4203.0400390625,4057.659912109375,4057.659912109375,3832750000
1661779800,4034.580078125,4062.989990234375,4017.419921875,4030.610107421875,3396510000
1661866200,4041.25,4044.97998046875,3965.2099609375,3986.159912109375,3835860000
1661952600,4000.669921875,4015.3701171875,3954.530029296875,3955.0,4542490000
1662039000,3936.72998046875,3970.22998046875,3903.64990234375,3966.85009765625,4152250000
1662125400,3994.659912109375,4018.429931640625,3906.2099609375,3924.260009765625,3665850000
1662471000,3930.889892578125,3942.550048828125,3886.75,3908.18994140625,4127340000
1662557400,3909.429931640625,3987.889892578125,3906.030029296875,3979.8701171875,3890320000
1662643800,3959.93994140625,4010.5,3944.81005859375,4006.179931640625,3966850000
1662730200,4022.93994140625,4076.81005859375,4022.93994140625,4067.360107421875,3901940000
1662989400,4083.669921875,4119.27978515625,4083.669921875,4110.41015625,3814200000
1663075800,4037.1201171875,4037.1201171875,3921.280029296875,3932.68994140625,4224550000
1663162200,3940.72998046875,3961.93994140625,3912.179931640625,3946.010009765625,4293240000
1663248600,3932.409912109375,3959.139892578125,3888.280029296875,3901.35009765625,4441830000
1663335000,3880.949951171875,3880.949951171875,3837.080078125,3873.330078125,7954650000
1663594200,3849.909912109375,3900.449951171875,3838.5,3899.889892578125,3766850000
1663680600,3875.22998046875,3876.010009765625,3827.5400390625,3855.929931640625,4058050000
1663767000,3871.39990234375,3907.070068359375,3789.489990234375,3789.929931640625,4078330000
1663853400,3782.360107421875,3790.89990234375,3749.449951171875,3757.989990234375,4284600000
1663939800,3727.139892578125,3727.139892578125,3647.469970703125,3693.22998046875,5144270000
1664199000,3682.719970703125,3715.669921875,3644.760009765625,3655.0400390625,4886140000
1664285400,3686.43994140625,3717.530029296875,3623.2900390625,3647.2900390625,4577740000
1664371800,3651.93994140625,3736.739990234375,3640.610107421875,3719.0400390625,4684850000
1664458200,3687.010009765625,3687.010009765625,3610.39990234375,3640.469970703125,4681810000
1664544600,3633.47998046875,3671.43994140625,3584.1298828125,3585.6201171875,5645360000
1664803800,3609.780029296875,3698.35009765625,3604.929931640625,3678.429931640625,4806680000
1664890200,3726.4599609375,3791.919921875,3726.4599609375,3790.929931640625,5146580000
1664976600,3753.25,3806.909912109375,3722.659912109375,3783.280029296875,4293180000
1665063000,3771.969970703125,3797.929931640625,3739.219970703125,3744.52001953125,4252100000
1665149400,3706.739990234375,3706.739990234375,3620.72998046875,3639.659912109375,4449660000
1665408600,3647.510009765625,3652.169921875,3588.10009765625,3612.389892578125,3834320000
1665495000,3595.860107421875,3640.659912109375,3568.449951171875,3588.840087890625,4759030000
1665581400,3590.830078125,3608.340087890625,3573.860107421875,3577.030029296875,4006830000
1665667800,3520.3701171875,3685.409912109375,3491.580078125,3669.909912109375,5021680000
1665754200,3690.409912109375,3712.0,3579.679931640625,3583.070068359375,4243030000
1666013400,3638.64990234375,3689.72998046875,3638.64990234375,3677.949951171875,4352780000
1666099800,3746.260009765625,3762.7900390625,3686.530029296875,3719.97998046875,4483740000
1666186200,3703.110107421875,3728.580078125,3666.510009765625,3695.159912109375,4223800000
1666272600,3689.050048828125,3736.0,3656.43994140625,3665.780029296875,4496620000
1666359000,3657.10009765625,3757.889892578125,3647.419921875,3752.75,5078020000
1666618200,3762.010009765625,3810.739990234375,3741.64990234375,3797.340087890625,4747930000
1666704600,3799.43994140625,3862.85009765625,3799.43994140625,3859.110107421875,4843120000
1666791000,3825.969970703125,3886.14990234375,3824.070068359375,3830.60009765625,4817310000
1666877400,3834.68994140625,3859.949951171875,3803.7900390625,3807.300048828125,4687320000
1666963800,3808.260009765625,3905.419921875,3808.260009765625,3901.06005859375,4459410000
1667223000,3881.85009765625,3893.72998046875,3863.179931640625,3871.97998046875,4820620000
1667309400,3901.7900390625,3911.7900390625,3843.800048828125,3856.10009765625,4481210000
1667395800,3852.89990234375,3894.43994140625,3758.679931640625,3759.68994140625,4899000000
1667482200,3733.25,3750.590087890625,3698.14990234375,3719.889892578125,4625290000
1667568600,3766.97998046875,3796.340087890625,3708.840087890625,3770.550048828125,5400180000
1667831400,3780.7099609375,3813.949951171875,3764.699951171875,3806.800048828125,4341620000
1667917800,3817.02001953125,3859.39990234375,3786.280029296875,3828.110107421875,4607640000
1668004200,3810.93994140625,3818.199951171875,3744.219970703125,3748.570068359375,4645010000
1668090600,3859.889892578125,3958.330078125,3859.889892578125,3956.3701171875,5781260000
1668177000,3963.719970703125,4001.47998046875,3944.820068359375,3992.929931640625,5593310000
1668436200,3977.969970703125,4008.969970703125,3956.39990234375,3957.25,4561930000
1668522600,4006.409912109375,4028.840087890625,3953.169921875,3991.72998046875,5015310000
1668609000,3976.820068359375,3983.090087890625,3954.340087890625,3958.7900390625,4165320000
1668695400,3919.260009765625,3954.330078125,3906.5400390625,3946.56005859375,4051780000
1668781800,3966.389892578125,3979.889892578125,3935.97998046875,3965.340087890625,4037360000
1669041000,3956.22998046875,3962.0,3933.340087890625,3949.93994140625,3850690000
1669127400,3965.510009765625,4005.8798828125,3956.8798828125,4003.580078125,3887990000
1669213800,4000.300048828125,4033.780029296875,3998.659912109375,4027.260009765625,3279720000
1669386600,4023.340087890625,4034.02001953125,4020.760009765625,4026.1201171875,1706460000
1669645800,4005.360107421875,4012.27001953125,3955.77001953125,3963.93994140625,3615430000
1669732200,3964.18994140625,3976.77001953125,3937.64990234375,3957.6298828125,3546040000
1669818600,3957.179931640625,4080.110107421875,3938.580078125,4080.110107421875,6579360000
1669905000,4087.139892578125,4100.509765625,4050.8701171875,4076.570068359375,4527130000
1669991400,4040.169921875,4080.47998046875,4026.6298828125,4071.699951171875,4012620000
1670250600,4052.02001953125,4052.449951171875,3984.489990234375,3998.840087890625,4280820000
1670337000,3996.6298828125,4001.510009765625,3918.389892578125,3941.260009765625,4368380000
1670423400,3933.280029296875,3957.570068359375,3922.679931640625,3933.919921875,4118050000
1670509800,3947.7900390625,3974.18994140625,3935.830078125,3963.510009765625,4006900000
1670596200,3954.169921875,3977.02001953125,3933.0400390625,3934.3798828125,3888260000
1670855400,3939.2900390625,3990.7099609375,3935.300048828125,3990.56005859375,3904130000
1670941800,4069.3798828125,4100.9599609375,3993.030029296875,4019.64990234375,5079360000
1671028200,4015.5400390625,4053.760009765625,3965.64990234375,3995.320068359375,4472340000
1671114600,3958.3701171875,3958.3701171875,3879.449951171875,3895.75,4493900000
1671201000,3890.909912109375,3890.909912109375,3827.909912109375,3852.360107421875,7493660000
1671460200,3853.7900390625,3854.860107421875,3800.0400390625,3817.659912109375,3969610000
1671546600,3810.469970703125,3838.239990234375,3795.6201171875,3821.6201171875,3985370000
1671633000,3839.489990234375,3889.820068359375,3839.489990234375,3878.43994140625,3775200000
1671719400,3853.260009765625,3853.260009765625,3764.489990234375,3822.389892578125,3956950000
1671805800,3815.110107421875,3845.800048828125,3797.010009765625,3844.820068359375,2819280000
1672151400,3843.340087890625,3846.64990234375,3813.219970703125,3829.25,3030300000
1672237800,3829.56005859375,3848.320068359375,3780.780029296875,3783.219970703125,3083520000
1672324200,3805.449951171875,3858.18994140625,3805.449951171875,3849.280029296875,3003680000
1672410600,3829.06005859375,3839.85009765625,3800.340087890625,3839.5,2979870000
1672756200,3853.2900390625,3878.4599609375,3794.330078125,3824.139892578125,3959140000
1672842600,3840.360107421875,3873.159912109375,3815.77001953125,3852.969970703125,4414080000
1672929000,3839.739990234375,3839.739990234375,3802.419921875,3808.10009765625,3893450000
1673015400,3823.3701171875,3906.18994140625,3809.56005859375,3895.080078125,3923560000
1673274600,3910.820068359375,3950.570068359375,3890.419921875,3892.090087890625,4311770000
1673361000,3888.570068359375,3919.830078125,3877.2900390625,3919.25,3851030000
1673447400,3932.35009765625,3970.070068359375,3928.5400390625,3969.610107421875,4303360000
1673533800,3977.570068359375,3997.760009765625,3937.56005859375,3983.169921875,4440260000
1673620200,3960.60009765625,4003.949951171875,3947.669921875,3999.090087890625,3939700000
1673965800,3999.280029296875,4015.389892578125,3984.570068359375,3990.969970703125,4235560000
1674052200,4002.25,4014.159912109375,3926.590087890625,3928.860107421875,4298710000
1674138600,3911.840087890625,3922.93994140625,3885.5400390625,3898.85009765625,3991500000
1674225000,3909.0400390625,3972.9599609375,3897.860107421875,3972.610107421875,4013360000
1674484200,3978.139892578125,4039.31005859375,3971.639892578125,4019.81005859375,3945210000
1674570600,4001.739990234375,4023.919921875,3989.7900390625,4016.949951171875,3320430000
1674657000,3982.7099609375,4019.550048828125,3949.06005859375,4016.219970703125,3724020000
1674743400,4036.080078125,4061.570068359375,4013.2900390625,4060.429931640625,3809590000
1674829800,4053.719970703125,4094.2099609375,4048.699951171875,4070.56005859375,3907760000
1675089000,4049.27001953125,4063.85009765625,4015.550048828125,4017.77001953125,3802000000
1675175400,4020.85009765625,4077.159912109375,4020.43994140625,4076.60009765625,4679320000
1675261800,4070.070068359375,4148.9501953125,4037.199951171875,4119.2099609375,4856930000
1675348200,4158.68017578125,4195.43994140625,4141.8798828125,4179.759765625,5624360000
1675434600,4136.68994140625,4182.35986328125,4123.35986328125,4136.47998046875,4694510000
1675693800,4119.56982421875,4124.6298828125,4093.3798828125,4111.080078125,4114240000
1675780200,4105.35009765625,4176.5400390625,4088.389892578125,4164.0,4355860000
1675866600,4153.47021484375,4156.85009765625,4111.669921875,4117.85986328125,4029820000
1675953000,4144.25,4156.22998046875,4069.669921875,4081.5,4270200000
1676039400,4068.919921875,4094.360107421875,4060.7900390625,4090.4599609375,3891520000
1676298600,4096.6201171875,4138.89990234375,4092.669921875,4137.2900390625,3448620000
1676385000,4126.7001953125,4159.77001953125,4095.010009765625,4136.1298828125,3929200000
1676471400,4119.5,4148.10986328125,4103.97998046875,4147.60009765625,4075980000
1676557800,4114.75,4136.5400390625,4089.489990234375,4090.409912109375,4143660000
1676644200,4077.389892578125,4081.510009765625,4047.949951171875,4079.090087890625,4045480000
1676989800,4052.35009765625,4052.35009765625,3995.18994140625,3997.340087890625,4121590000
1677076200,4001.830078125,4017.3701171875,3976.89990234375,3991.050048828125,4079320000
1677162600,4018.60009765625,4028.300048828125,3969.18994140625,4012.320068359375,3952940000
1677249000,3973.239990234375,3978.25,3943.080078125,3970.0400390625,3877700000
1677508200,3992.360107421875,4018.050048828125,3973.550048828125,3982.239990234375,3836950000
1677594600,3977.18994140625,3997.5,3968.97998046875,3970.14990234375,5043400000
1677681000,3963.340087890625,3971.72998046875,3939.050048828125,3951.389892578125,4249480000
1677767400,3938.679931640625,3990.840087890625,3928.159912109375,3981.35009765625,4244900000
1677853800,3998.02001953125,4048.2900390625,3995.169921875,4045.639892578125,4084730000
1678113000,4055.14990234375,4078.489990234375,4044.610107421875,4048.419921875,4000870000
1678199400,4048.260009765625,4050.0,3980.31005859375,3986.3701171875,3922500000
1678285800,3987.550048828125,4000.409912109375,3969.760009765625,3992.010009765625,3535570000
1678372200,3998.659912109375,4017.81005859375,3908.699951171875,3918.320068359375,4445260000
1678458600,3912.77001953125,3934.050048828125,3846.320068359375,3861.590087890625,5518190000
1678714200,3835.1201171875,3905.050048828125,3808.860107421875,3855.760009765625,6558020000
1678800600,3894.010009765625,3937.2900390625,3873.6298828125,3919.2900390625,5665870000
1678887000,3876.739990234375,3894.260009765625,3838.239990234375,3891.929931640625,6594010000
1678973400,3878.929931640625,3964.4599609375,3864.110107421875,3960.280029296875,5695790000
1679059800,3958.68994140625,3958.909912109375,3901.27001953125,3916.639892578125,9354280000
1679319000,3917.469970703125,3956.6201171875,3916.889892578125,3951.570068359375,5347140000
1679405400,3975.889892578125,4009.080078125,3971.18994140625,4002.8701171875,4920240000
1679491800,4002.0400390625,4039.489990234375,3936.169921875,3936.969970703125,4533010000
1679578200,3959.2099609375,4007.659912109375,3919.050048828125,3948.719970703125,4991600000
1679664600,3939.2099609375,3972.739990234375,3909.159912109375,3970.989990234375,4583970000
1679923800,3982.929931640625,4003.830078125,3970.489990234375,3977.530029296875,4233540000
1680010200,3974.1298828125,3979.199951171875,3951.530029296875,3971.27001953125,4014600000
1680096600,3999.530029296875,4030.590087890625,3999.530029296875,4027.81005859375,4145250000
1680183000,4046.739990234375,4057.85009765625,4032.10009765625,4050.830078125,3930860000
1680269400,4056.179931640625,4110.75,4056.179931640625,4109.31005859375,4525120000
1680528600,4102.2001953125,4127.66015625,4098.7900390625,4124.509765625,4234700000
1680615000,4128.02978515625,4133.1298828125,4086.8701171875,4100.60009765625,4227800000
1680701400,4094.5,4099.68994140625,4072.56005859375,4090.3798828125,3968020000
1680787800,4081.14990234375,4107.31982421875,4069.840087890625,4105.02001953125,3486690000
1681133400,4085.199951171875,4109.5,4072.550048828125,4109.10986328125,3423650000
1681219800,4110.2900390625,4124.259765625,4102.60986328125,4108.93994140625,3665830000
1681306200,4121.72021484375,4134.3701171875,4086.93994140625,4091.949951171875,3633120000
1681392600,4100.0400390625,4150.259765625,4099.39990234375,4146.22021484375,3596590000
1681479000,4140.10986328125,4163.18994140625,4113.2001953125,4137.64013671875,3575690000
1681738200,4137.169921875,4151.72021484375,4123.18017578125,4151.31982421875,3611180000
1681824600,4164.259765625,4169.47998046875,4140.35986328125,4154.8701171875,3536640000
1681911000,4139.330078125,4162.56982421875,4134.490234375,4154.52001953125,3572560000
1681997400,4130.47998046875,4148.56982421875,4114.56982421875,4129.7900390625,3772080000
1682083800,4132.14013671875,4138.02001953125,4113.85986328125,4133.52001953125,3611750000
1682343000,4132.06982421875,4142.41015625,4117.77001953125,4137.0400390625,3290940000
1682429400,4126.43017578125,4126.43017578125,4071.3798828125,4071.6298828125,3978640000
1682515800,4087.780029296875,4089.669921875,4049.35009765625,4055.989990234375,3837030000
1682602200,4075.2900390625,4138.240234375,4075.2900390625,4135.35009765625,3750550000
1682688600,4129.6298828125,4170.06005859375,4127.18017578125,4169.47998046875,4087800000
1682947800,4166.7900390625,4186.919921875,4164.1201171875,4167.8701171875,3321370000
1683034200,4164.10009765625,4164.10009765625,4089.719970703125,4119.580078125,4486130000
1683120600,4122.25,4148.2998046875,4088.860107421875,4090.75,4246510000
1683207000,4082.550048828125,4082.610107421875,4048.280029296875,4061.219970703125,4920090000
1683293400,4084.72998046875,4147.02001953125,4084.72998046875,4136.25,4186270000
1683552600,4136.97998046875,4142.2998046875,4123.81005859375,4138.1201171875,3641640000
1683639000,4124.25,4130.35009765625,4116.64990234375,4119.169921875,3810140000
1683725400,4143.740234375,4154.27978515625,4098.919921875,4137.64013671875,4057160000
1683811800,4132.240234375,4132.7998046875,4109.2900390625,4130.6201171875,3752900000
1683898200,4138.5400390625,4143.740234375,4099.1201171875,4124.080078125,3533740000
1684157400,4126.64990234375,4141.25,4110.27001953125,4136.27978515625,3562170000
1684243800,4127.9501953125,4135.5400390625,4109.85986328125,4109.89990234375,3654200000
1684330200,4122.85009765625,4164.669921875,4113.6201171875,4158.77001953125,4039080000
1684416600,4157.68017578125,4202.2001953125,4153.5,4198.0498046875,3980500000
1684503000,4204.14990234375,4212.91015625,4180.2001953125,4191.97998046875,4041900000
1684762200,4190.77978515625,4209.22021484375,4179.68017578125,4192.6298828125,3728520000
1684848600,4176.7998046875,4185.68017578125,4142.5400390625,4145.580078125,4155320000
1684935000,4132.9599609375,4132.9599609375,4103.97998046875,4115.240234375,0
1685021400,4155.7099609375,4165.740234375,4129.72998046875,4151.27978515625,4147760000
1685107800,4156.16015625,4212.8701171875,4156.16015625,4205.4501953125,3715460000
1685453400,4226.7099609375,4231.10009765625,4192.18017578125,4205.52001953125,4228510000
1685539800,4190.740234375,4195.43994140625,4166.14990234375,4179.830078125,5980670000
1685626200,4183.02978515625,4232.43017578125,4171.64013671875,4221.02001953125,4391860000
1685712600,4241.009765625,4290.669921875,4241.009765625,4282.3701171875,4454200000
1685971800,4282.990234375,4299.27978515625,4266.81982421875,4273.7900390625,3813290000
1686058200,4271.33984375,4288.330078125,4263.08984375,4283.85009765625,3996560000
1686144600,4285.47021484375,4299.18994140625,4263.9599609375,4267.52001953125,4537800000
1686231000,4268.68994140625,4298.009765625,4261.06982421875,4293.93017578125,3826740000
1686317400,4304.8798828125,4322.6201171875,4291.7001953125,4298.85986328125,3786510000
1686576600,4308.31982421875,4340.1298828125,4304.3701171875,4338.93017578125,3945670000
1686663000,4352.60986328125,4375.3701171875,4349.31005859375,4369.009765625,4275400000
1686749400,4366.2900390625,4391.81982421875,4337.85009765625,4372.58984375,4252110000
1686835800,4365.330078125,4439.2001953125,4362.60009765625,4425.83984375,4176690000
1686922200,4440.9501953125,4448.47021484375,4407.43994140625,4409.58984375,6848600000
1687267800,4396.10986328125,4400.14990234375,4367.18994140625,4388.7099609375,4055790000
1687354200,4380.009765625,4386.22021484375,4360.14013671875,4365.68994140625,3709330000
1687440600,4355.39990234375,4382.25,4351.81982421875,4381.89013671875,3511000000
1687527000,4354.169921875,4366.5498046875,4341.33984375,4348.330078125,6053620000
1687786200,4344.83984375,4362.06005859375,4328.080078125,4328.81982421875,3415030000
1687872600,4337.35986328125,4384.419921875,4335.0,4378.41015625,3573500000
1687959000,4367.47998046875,4390.35009765625,4360.22021484375,4376.85986328125,3739330000
1688045400,4374.93994140625,4398.39013671875,4371.97021484375,4396.43994140625,3696660000
1688131800,4422.43994140625,4458.47998046875,4422.43994140625,4450.3798828125,3923450000
1688391000,4450.47998046875,4456.4599609375,4442.2900390625,4455.58984375,2034280000
1688563800,4442.0400390625,4454.06005859375,4436.60986328125,4446.81982421875,3482620000
1688650200,4422.6201171875,4422.6201171875,4385.0498046875,4411.58984375,3682020000
1688736600,4404.5400390625,4440.39013671875,4397.39990234375,4398.9501953125,3630480000
1688995800,4394.22998046875,4412.60009765625,4389.919921875,4409.52978515625,3429600000
1689082200,4415.5498046875,4443.64013671875,4408.4599609375,4439.259765625,3624220000
1689168600,4467.68994140625,4488.33984375,4463.22998046875,4472.16015625,3920290000
1689255000,4491.5,4517.3798828125,4489.35986328125,4510.0400390625,3839530000
1689341400,4514.60986328125,4527.759765625,4499.56005859375,4505.419921875,3647450000
1689600600,4508.85986328125,4532.85009765625,4504.89990234375,4522.7900390625,3538240000
1689687000,4521.77978515625,4562.2998046875,4514.58984375,4554.97998046875,4090010000
1689773400,4563.8701171875,4578.43017578125,4557.47998046875,4565.72021484375,4115670000
1689859800,4554.3798828125,4564.740234375,4527.56005859375,4534.8701171875,3761770000
1689946200,4550.16015625,4555.0,4535.7900390625,4536.33984375,3570190000
1690205400,4543.39013671875,4563.41015625,4541.2900390625,4554.64013671875,3856250000
1690291800,4555.18994140625,4580.6201171875,4552.419921875,4567.4599609375,3812470000
1690378200,4558.9599609375,4582.47021484375,4547.580078125,4566.75,3990290000
1690464600,4598.259765625,4607.06982421875,4528.56005859375,4537.41015625,4553210000
1690551000,4565.75,4590.16015625,4564.009765625,4582.22998046875,3981010000
1690810200,4584.81982421875,4594.22021484375,4573.14013671875,4588.9599609375,4503600000
1690896600,4578.830078125,4584.6201171875,4567.52978515625,4576.72998046875,4042370000
1690983000,4550.93017578125,4550.93017578125,4505.75,4513.39013671875,4270710000
1691069400,4494.27001953125,4519.490234375,4485.5400390625,4501.89013671875,4149120000
1691155800,4513.9599609375,4540.33984375,4474.5498046875,4478.02978515625,4143310000
1691415000,4491.580078125,4519.83984375,4491.14990234375,4518.43994140625,3493920000
1691501400,4498.02978515625,4503.31005859375,4464.39013671875,4499.3798828125,3884910000
1691587800,4501.56982421875,4502.43994140625,4461.330078125,4467.7099609375,3803100000
1691674200,4487.16015625,4527.3701171875,4457.919921875,4468.830078125,4504370000
1691760600,4450.68994140625,4476.22998046875,4443.97998046875,4464.0498046875,3753290000
1692019800,4458.1298828125,4490.330078125,4453.43994140625,4489.72021484375,3896410000
1692106200,4478.8701171875,4478.8701171875,4432.18994140625,4437.85986328125,3832250000
1692192600,4433.7900390625,4449.9501953125,4403.5498046875,4404.330078125,3753910000
1692279000,4416.31982421875,4421.169921875,4364.830078125,4370.35986328125,3943700000
1692365400,4344.8798828125,4381.81982421875,4335.31005859375,4369.7099609375,3940400000
1692624600,4380.27978515625,4407.5498046875,4360.2998046875,4399.77001953125,3726850000
1692711000,4415.330078125,4418.58984375,4382.77001953125,4387.5498046875,3522760000
1692797400,4396.43994140625,4443.18017578125,4396.43994140625,4436.009765625,3837270000
1692883800,4455.16015625,4458.2998046875,4375.5498046875,4376.31005859375,3723470000
1692970200,4389.3798828125,4418.4599609375,4356.2900390625,4405.7099609375,3296180000
1693229400,4426.02978515625,4439.56005859375,4414.97998046875,4433.31005859375,2957230000
1693315800,4432.75,4500.14013671875,4431.68017578125,4497.6298828125,3354820000
1693402200,4500.33984375,4521.64990234375,4493.58984375,4514.8701171875,3064110000
1693488600,4517.009765625,4532.259765625,4507.39013671875,4507.66015625,3946360000
1693575000,4530.60009765625,4541.25,4501.35009765625,4515.77001953125,3246260000
1693920600,4510.06005859375,4514.2900390625,4496.009765625,4496.830078125,3526250000
1694007000,4490.35009765625,4490.35009765625,4442.3798828125,4465.47998046875,3418850000
1694093400,4434.5498046875,4457.81005859375,4430.4599609375,4451.14013671875,3763760000
1694179800,4451.2998046875,4473.52978515625,4448.3798828125,4457.490234375,3259290000
1694439000,4480.97998046875,4490.77001953125,4467.89013671875,4487.4599609375,3369920000
1694525400,4473.27001953125,4487.10986328125,4456.830078125,4461.89990234375,3435740000
1694611800,4462.64990234375,4479.39013671875,4453.52001953125,4467.43994140625,3529430000
1694698200,4487.77978515625,4511.990234375,4478.68994140625,4505.10009765625,3648720000
1694784600,4497.97998046875,4497.97998046875,4447.2099609375,4450.31982421875,6932230000
1695043800,4445.1298828125,4466.35986328125,4442.10986328125,4453.52978515625,3161230000
1695130200,4445.41015625,4449.85009765625,4416.60986328125,4443.9501953125,3614880000
1695216600,4452.81005859375,4461.02978515625,4401.3798828125,4402.2001953125,3308450000
1695303000,4374.35986328125,4375.7001953125,4329.169921875,4330.0,3662340000
1695389400,4341.740234375,4357.39990234375,4316.490234375,4320.06005859375,3349570000
1695648600,4310.6201171875,4338.509765625,4302.7001953125,4337.43994140625,3195650000
1695735000,4312.8798828125,4313.009765625,4265.97998046875,4273.52978515625,3472340000
1695821400,4282.6298828125,4292.06982421875,4238.6298828125,4274.509765625,3875880000
1695907800,4269.64990234375,4317.27001953125,4264.3798828125,4299.7001953125,3846230000
1695994200,4328.18017578125,4333.14990234375,4274.85986328125,4288.0498046875,3865960000
1696253400,4284.52001953125,4300.580078125,4260.2099609375,4288.39013671875,3938660000
1696339800,4269.75,4281.14990234375,4216.4501953125,4229.4501953125,3953830000
1696426200,4233.830078125,4268.5,4220.47998046875,4263.75,3777600000
1696512600,4259.31005859375,4267.1298828125,4225.91015625,4258.18994140625,3581470000
1696599000,4234.7900390625,4324.10009765625,4219.5498046875,4308.5,3902030000
1696858200,4289.02001953125,4341.72998046875,4283.7900390625,4335.66015625,3174630000
1696944600,4339.75,4385.4599609375,4339.64013671875,4358.240234375,3520240000
1697031000,4366.58984375,4378.64013671875,4345.33984375,4376.9501953125,3601660000
1697117400,4380.93994140625,4385.85009765625,4325.43017578125,4349.60986328125,3713140000
1697203800,4360.490234375,4377.10009765625,4311.97021484375,4327.77978515625,3566560000
1697463000,4342.3701171875,4383.330078125,4342.3701171875,4373.6298828125,3409960000
1697549400,4345.22998046875,4393.56982421875,4337.5400390625,4373.2001953125,3794850000
1697635800,4357.35009765625,4364.2001953125,4303.83984375,4314.60009765625,3686030000
1697722200,4321.35986328125,4339.5400390625,4269.68994140625,4278.0,3969730000
1697808600,4273.85009765625,4276.56005859375,4223.02978515625,4224.16015625,4004030000
1698067800,4210.39990234375,4255.83984375,4189.22021484375,4217.0400390625,3776100000
1698154200,4235.7900390625,4259.3798828125,4219.43017578125,4247.68017578125,3821820000
1698240600,4232.419921875,4232.419921875,4181.419921875,4186.77001953125,3869370000
1698327000,4175.990234375,4183.60009765625,4127.89990234375,4137.22998046875,4277640000
1698413400,4152.93017578125,4156.7001953125,4103.77978515625,4117.3701171875,4019500000
1698672600,4139.39013671875,4177.47021484375,4132.93994140625,4166.81982421875,3911140000
1698759000,4171.330078125,4195.5498046875,4153.1201171875,4193.7998046875,4249470000
1698845400,4201.27001953125,4245.64013671875,4197.740234375,4237.85986328125,4224900000
1698931800,4268.259765625,4319.72021484375,4268.259765625,4317.77978515625,4669780000
1699018200,4334.22998046875,4373.6201171875,4334.22998046875,4358.33984375,4570960000
1699281000,4364.27001953125,4372.2099609375,4347.52978515625,4365.97998046875,3656340000
1699367400,4366.2099609375,4386.259765625,4355.41015625,4378.3798828125,3791230000
1699453800,4384.3701171875,4391.2001953125,4359.759765625,4382.77978515625,3729510000
1699540200,4391.41015625,4393.39990234375,4343.93994140625,4347.35009765625,3900780000
1699626600,4364.14990234375,4418.02978515625,4353.33984375,4415.240234375,3665080000
1699885800,4406.66015625,4421.759765625,4393.81982421875,4411.5498046875,3326240000
1699972200,4458.97021484375,4508.669921875,4458.97021484375,4495.7001953125,4700350000
1700058600,4505.2998046875,4521.169921875,4495.31005859375,4502.8798828125,4347170000
1700145000,4497.080078125,4511.990234375,4487.830078125,4508.240234375,3964520000
1700231400,4509.5498046875,4520.1201171875,4499.66015625,4514.02001953125,3777240000
1700490600,4511.7001953125,4557.10986328125,4510.35986328125,4547.3798828125,3644790000
1700577000,4538.77001953125,4542.14013671875,4525.509765625,4538.18994140625,3511080000
1700663400,4553.0400390625,4568.43017578125,4545.0498046875,4556.6201171875,3042810000
1700836200,4555.83984375,4560.31005859375,4552.7998046875,4559.33984375,1639500000
1701095400,4554.85986328125,4560.52001953125,4546.31982421875,4550.43017578125,3403990000
1701181800,4545.5498046875,4568.14013671875,4540.509765625,4554.89013671875,3586240000
1701268200,4571.83984375,4587.64013671875,4547.14990234375,4550.580078125,4418760000
1701354600,4554.8701171875,4569.89013671875,4537.240234375,4567.7998046875,5399300000
1701441000,4559.43017578125,4599.39013671875,4554.7099609375,4594.6298828125,4397120000
1701700200,4564.3701171875,4572.3701171875,4546.72021484375,4569.77978515625,4369910000
1701786600,4557.25,4578.56005859375,4551.68017578125,4567.18017578125,3909950000
1701873000,4586.22998046875,4590.740234375,4546.5,4549.33984375,4245680000
1701959400,4568.83984375,4590.919921875,4565.22021484375,4585.58984375,3818880000
1702045800,4576.2001953125,4609.22998046875,4574.06005859375,4604.3701171875,3707010000
1702305000,4593.39013671875,4623.7099609375,4593.39013671875,4622.43994140625,3823210000
1702391400,4618.2998046875,4643.93017578125,4608.08984375,4643.7001953125,3808380000
1702477800,4646.2001953125,4709.68994140625,4643.22998046875,4707.08984375,5063650000
1702564200,4721.0400390625,4738.56982421875,4694.33984375,4719.5498046875,6314040000
1702650600,4714.22998046875,4725.52978515625,4704.68994140625,4719.18994140625,8218980000
1702909800,4725.580078125,4749.52001953125,4725.580078125,4740.56005859375,4060340000
1702996200,4743.72021484375,4768.68994140625,4743.72021484375,4768.3701171875,4026970000
1703082600,4764.72998046875,4778.009765625,4697.81982421875,4698.35009765625,4201320000
1703169000,4724.2900390625,4748.7099609375,4708.35009765625,4746.75,3431180000
1703255400,4753.919921875,4772.93994140625,4736.77001953125,4754.6298828125,3046770000
1703601000,4758.85986328125,4784.72021484375,4758.4501953125,4774.75,2513910000
1703687400,4773.4501953125,4785.39013671875,4768.89990234375,4781.580078125,2748450000
1703773800,4786.43994140625,4793.2998046875,4780.97998046875,4783.35009765625,2698860000
1703860200,4782.8798828125,4788.43017578125,4751.990234375,4769.830078125,3126060000
1704205800,4745.2001953125,4754.330078125,4722.669921875,4742.830078125,3743050000
1704292200,4725.06982421875,4729.2900390625,4699.7099609375,4704.81005859375,3950760000
1704378600,4697.419921875,4726.77978515625,4687.52978515625,4688.68017578125,3715480000
1704465000,4690.56982421875,4721.490234375,4682.10986328125,4697.240234375,3844370000
1704724200,4703.7001953125,4764.5400390625,4699.81982421875,4763.5400390625,3742320000
1704810600,4741.93017578125,4765.47021484375,4730.35009765625,4756.5,3529960000
1704897000,4759.93994140625,4790.7998046875,4756.2001953125,4783.4501953125,3498680000
1704983400,4792.1298828125,4798.5,4739.580078125,4780.240234375,3759890000
1705069800,4791.18017578125,4802.39990234375,4768.97998046875,4783.830078125,3486340000
1705415400,4772.35009765625,4782.33984375,4747.1201171875,4765.97998046875,4260550000
1705501800,4739.1298828125,4744.22998046875,4714.81982421875,4739.2099609375,3928600000
1705588200,4760.10009765625,4785.7900390625,4740.56982421875,4780.93994140625,4019000000
1705674600,4796.27978515625,4842.06982421875,4785.8701171875,4839.81005859375,4287200000
1705933800,4853.419921875,4868.41015625,4844.0498046875,4850.43017578125,4297610000
1706020200,4856.7998046875,4866.47998046875,4844.3701171875,4864.60009765625,3912800000
1706106600,4888.56005859375,4903.68017578125,4865.93994140625,4868.5498046875,4330030000
1706193000,4886.66015625,4898.14990234375,4869.33984375,4894.16015625,4020430000
1706279400,4888.91015625,4906.68994140625,4881.47021484375,4890.97021484375,3353400000
1706538600,4892.9501953125,4929.31005859375,4887.39990234375,4927.93017578125,3525160000
1706625000,4925.89013671875,4931.08984375,4916.27001953125,4924.97021484375,3836130000
1706711400,4899.18994140625,4906.75,4845.14990234375,4845.64990234375,4696120000
1706797800,4861.10986328125,4906.97021484375,4853.52001953125,4906.18994140625,4386090000
1706884200,4916.06005859375,4975.2900390625,4907.990234375,4958.60986328125,3974350000
1707143400,4957.18994140625,4957.18994140625,4918.08984375,4942.81005859375,4023640000
1707229800,4950.16015625,4957.77001953125,4934.8798828125,4954.22998046875,4440880000
1707316200,4973.0498046875,4999.89013671875,4969.0498046875,4995.06005859375,4895590000
1707402600,4995.16015625,5000.39990234375,4987.08984375,4997.91015625,4341860000
1707489000,5004.169921875,5030.06005859375,5000.33984375,5026.60986328125,3912990000
1707748200,5026.830078125,5048.39013671875,5016.830078125,5021.83984375,3805740000
1707834600,4967.93994140625,4971.2998046875,4920.31005859375,4953.169921875,4302190000
1707921000,4976.43994140625,5002.52001953125,4956.4501953125,5000.6201171875,3845600000
1708007400,5003.14013671875,5032.72021484375,4999.43994140625,5029.72998046875,4137970000
1708093800,5031.1298828125,5038.7001953125,4999.52001953125,5005.56982421875,3833270000
1708439400,4989.31982421875,4993.7099609375,4955.02001953125,4975.509765625,4034880000
1708525800,4963.02978515625,4983.2099609375,4946.0,4981.7998046875,3788390000
1708612200,5038.830078125,5094.39013671875,5038.830078125,5087.02978515625,4051710000
1708698600,5100.919921875,5111.06005859375,5081.4599609375,5088.7998046875,3672790000
1708957800,5093.0,5097.66015625,5068.91015625,5069.52978515625,3683930000
1709044200,5074.60009765625,5080.68994140625,5057.2900390625,5078.18017578125,3925950000
1709130600,5067.2001953125,5077.3701171875,5058.35009765625,5069.759765625,3789370000
1709217000,5085.35986328125,5104.990234375,5061.89013671875,5096.27001953125,5219740000
1709303400,5098.509765625,5140.330078125,5094.16015625,5137.080078125,4748110000
1709562600,5130.990234375,5149.669921875,5127.18017578125,5130.9501953125,4758440000
1709649000,5110.52001953125,5114.5400390625,5056.81982421875,5078.64990234375,4418410000
1709735400,5108.02978515625,5127.97021484375,5092.22021484375,5104.759765625,4559050000
1709821800,5132.3798828125,5165.6201171875,5128.2099609375,5157.35986328125,4137980000
1709908200,5164.4599609375,5189.259765625,5117.5,5123.68994140625,4208870000
1710163800,5111.9599609375,5124.66015625,5091.14013671875,5117.93994140625,3896430000
1710250200,5134.2998046875,5179.8701171875,5114.47998046875,5175.27001953125,4080510000
1710336600,5173.490234375,5179.14013671875,5151.8798828125,5165.31005859375,4282890000
1710423000,5175.14013671875,5176.85009765625,5123.2998046875,5150.47998046875,4687970000
1710509400,5123.31005859375,5136.85986328125,5104.35009765625,5117.08984375,7753670000
1710768600,5154.77001953125,5175.60009765625,5145.47021484375,5149.419921875,4036220000
1710855000,5139.08984375,5180.31005859375,5131.58984375,5178.509765625,4031760000
1710941400,5181.68994140625,5226.18994140625,5171.5498046875,5224.6201171875,4064850000
1711027800,5253.43017578125,5261.10009765625,5240.66015625,5241.52978515625,4207730000
1711114200,5242.47998046875,5246.08984375,5229.8701171875,5234.18017578125,3374700000
1711373400,5219.52001953125,5229.08984375,5216.08984375,5218.18994140625,3331360000
1711459800,5228.85009765625,5235.16015625,5203.419921875,5203.580078125,3871790000
1711546200,5226.31005859375,5249.259765625,5213.919921875,5248.490234375,3850500000
1711632600,5248.02978515625,5264.85009765625,5245.81982421875,5254.35009765625,3998270000
1711978200,5257.97021484375,5263.9501953125,5229.2001953125,5243.77001953125,3325930000
1712064600,5204.2900390625,5208.33984375,5184.0498046875,5205.81005859375,3886590000
1712151000,5194.3701171875,5228.75,5194.3701171875,5211.490234375,3703250000
1712237400,5244.0498046875,5256.58984375,5146.06005859375,5147.2099609375,4075680000
1712323800,5158.9501953125,5222.18017578125,5157.2099609375,5204.33984375,3386780000
1712583000,5211.3701171875,5219.56982421875,5197.35009765625,5202.39013671875,3278180000
1712669400,5217.02978515625,5224.81005859375,5160.77978515625,5209.91015625,3400680000
1712755800,5167.8798828125,5178.43017578125,5138.7001953125,5160.64013671875,3845930000
1712842200,5172.9501953125,5211.77978515625,5138.77001953125,5199.06005859375,3509380000
1712928600,5171.509765625,5175.02978515625,5107.93994140625,5123.41015625,3963220000
1713187800,5149.669921875,5168.43017578125,5052.47021484375,5061.81982421875,3950210000
1713274200,5064.58984375,5079.83984375,5039.830078125,5051.41015625,4006200000
1713360600,5068.97021484375,5077.9599609375,5007.25,5022.2099609375,3596130000
1713447000,5031.52001953125,5056.66015625,5001.89013671875,5011.1201171875,3619760000
1713533400,5005.43994140625,5019.02001953125,4953.56005859375,4967.22998046875,3878750000
1713792600,4987.330078125,5038.83984375,4969.39990234375,5010.60009765625,3820250000
1713879000,5028.85009765625,5076.1201171875,5027.9599609375,5070.5498046875,3751400000
1713965400,5084.85986328125,5089.47998046875,5047.02001953125,5071.6298828125,3656740000
1714051800,5019.8798828125,5057.75,4990.580078125,5048.419921875,3958050000
1714138200,5084.64990234375,5114.6201171875,5073.14013671875,5099.9599609375,3604140000
1714397400,5114.1298828125,5123.490234375,5088.64990234375,5116.169921875,3447450000
1714483800,5103.77978515625,5110.830078125,5035.31005859375,5035.68994140625,4082470000
1714570200,5029.02978515625,5096.1201171875,5013.4501953125,5018.39013671875,4544170000
1714656600,5049.31982421875,5073.2099609375,5011.0498046875,5064.2001953125,4381660000
1714743000,5122.77978515625,5139.1201171875,5101.22021484375,5127.7900390625,3924990000
1715002200,5142.419921875,5181.0,5142.419921875,5180.740234375,3683250000
1715088600,5187.2001953125,5200.22998046875,5178.9599609375,5187.7001953125,3987890000
1715175000,5168.97998046875,5191.9501953125,5165.85986328125,5187.669921875,3842100000
1715261400,5189.02978515625,5215.2998046875,5180.41015625,5214.080078125,3727370000
1715347800,5225.490234375,5239.66015625,5209.68017578125,5222.68017578125,3617900000
1715607000,5233.080078125,5237.259765625,5211.16015625,5221.419921875,4255710000
1715693400,5221.10009765625,5250.3701171875,5217.97998046875,5246.68017578125,4763580000
1715779800,5263.259765625,5311.759765625,5263.259765625,5308.14990234375,4360810000
1715866200,5310.06982421875,5325.490234375,5296.18994140625,5297.10009765625,3817470000
1715952600,5303.10009765625,5305.4501953125,5283.58984375,5303.27001953125,3578120000
1716211800,5305.35009765625,5325.31982421875,5302.39990234375,5308.1298828125,3420100000
1716298200,5298.68994140625,5324.31982421875,5297.8701171875,5321.41015625,3662240000
1716384600,5319.27978515625,5323.18017578125,5286.009765625,5307.009765625,3847130000
1716471000,5340.259765625,5341.8798828125,5256.93017578125,5267.83984375,3869520000
1716557400,5281.4501953125,5311.64990234375,5278.39013671875,5304.72021484375,3005510000
1716903000,5315.91015625,5315.91015625,5280.89013671875,5306.0400390625,3751540000
1716989400,5278.72998046875,5282.27001953125,5262.7001953125,5266.9501953125,3552750000
1717075800,5259.77001953125,5260.2099609375,5222.10009765625,5235.47998046875,3818750000
1717162200,5243.2099609375,5280.330078125,5191.68017578125,5277.509765625,5437160000
1717421400,5297.14990234375,5302.10986328125,5234.31982421875,5283.39990234375,4046920000
1717507800,5278.240234375,5298.7998046875,5257.6298828125,5291.33984375,3707900000
1717594200,5314.47998046875,5354.16015625,5297.64013671875,5354.02978515625,3591460000
1717680600,5357.7998046875,5362.35009765625,5335.35986328125,5352.9599609375,3609990000
1717767000,5343.81005859375,5375.080078125,5331.330078125,5346.990234375,3692760000
1718026200,5341.22021484375,5365.7900390625,5331.52001953125,5360.7900390625,3622280000
1718112600,5353.0,5375.9501953125,5327.25,5375.31982421875,3568030000
1718199000,5409.1298828125,5447.25,5409.1298828125,5421.02978515625,3962840000
1718285400,5441.93017578125,5441.93017578125,5402.509765625,5433.740234375,3530380000
1718371800,5424.080078125,5432.39013671875,5403.75,5431.60009765625,3438650000
1718631000,5431.10986328125,5488.5,5420.39990234375,5473.22998046875,3447840000
1718717400,5476.14990234375,5490.3798828125,5471.31982421875,5487.02978515625,3544330000
1718890200,5499.990234375,5505.52978515625,5455.56005859375,5473.169921875,3847060000
1718976600,5466.77001953125,5478.31005859375,5452.02978515625,5464.6201171875,6773800000
1719235800,5459.580078125,5490.66015625,5447.58984375,5447.8701171875,3696750000
1719322200,5460.72998046875,5472.8798828125,5446.56005859375,5469.2998046875,3591960000
1719408600,5460.7099609375,5483.14013671875,5451.8701171875,5477.89990234375,3563920000
1719495000,5473.58984375,5490.81005859375,5467.5400390625,5482.8701171875,3589530000
1719581400,5488.47998046875,5523.64013671875,5451.1201171875,5460.47998046875,7199220000
1719840600,5471.080078125,5479.5498046875,5446.52978515625,5475.08984375,3488760000
1719927000,5461.83984375,5509.68994140625,5458.43017578125,5509.009765625,3329950000
1720013400,5507.43994140625,5539.27001953125,5507.419921875,5537.02001953125,2179470000
1720186200,5537.91015625,5570.330078125,5531.6298828125,5567.18994140625,3253080000
1720445400,5572.75,5583.10986328125,5562.509765625,5572.85009765625,3185670000
1720531800,5584.240234375,5590.75,5574.56982421875,5576.97998046875,3232920000
1720618200,5591.259765625,5635.39013671875,5586.43994140625,5633.91015625,3336100000
1720704600,5635.2099609375,5642.4501953125,5576.52978515625,5584.5400390625,4020950000
1720791000,5590.759765625,5655.56005859375,5590.43994140625,5615.35009765625,3700280000
1721050200,5638.16015625,5666.93994140625,5614.75,5631.22021484375,3620470000
1721136600,5644.08984375,5669.669921875,5639.02001953125,5667.2001953125,4041760000
1721223000,5610.06982421875,5622.490234375,5584.81005859375,5588.27001953125,4246450000
1721309400,5608.56005859375,5614.0498046875,5522.81005859375,5544.58984375,4007510000
1721395800,5543.3701171875,5557.5,5497.0400390625,5505.0,3760570000
1721655000,5544.5400390625,5570.35986328125,5529.0400390625,5564.41015625,3375180000
1721741400,5565.2998046875,5585.33984375,5550.89990234375,5555.740234375,3500210000
1721827800,5505.83984375,5508.0400390625,5419.97998046875,5427.1298828125,3945550000
1721914200,5428.7001953125,5491.58984375,5390.9501953125,5399.22021484375,4592120000
1722000600,5433.669921875,5488.31982421875,5430.7001953125,5459.10009765625,3638770000
1722259800,5476.5498046875,5487.740234375,5444.43994140625,5463.5400390625,3379970000
1722346200,5478.72998046875,5489.4599609375,5401.7001953125,5436.43994140625,3777740000
1722432600,5505.58984375,5551.509765625,5493.75,5522.2998046875,4546910000
1722519000,5537.83984375,5566.16015625,5410.419921875,5446.68017578125,4703620000
1722605400,5376.6298828125,5383.89013671875,5302.02978515625,5346.56005859375,5156450000
1722864600,5151.14013671875,5250.89013671875,5119.259765625,5186.330078125,5333250000
1722951000,5206.419921875,5312.33984375,5193.56005859375,5240.02978515625,4690190000
1723037400,5293.1298828125,5330.64013671875,5195.5400390625,5199.5,4558260000
1723123800,5252.56982421875,5328.02978515625,5233.85009765625,5319.31005859375,4016830000
1723210200,5314.66015625,5358.669921875,5300.83984375,5344.16015625,3516400000
1723469400,5351.8798828125,5371.2001953125,5324.3701171875,5344.39013671875,3360160000
1723555800,5376.97998046875,5436.5,5376.97998046875,5434.43017578125,3648980000
1723642200,5442.35986328125,5463.22021484375,5415.91015625,5455.2099609375,3380050000
1723728600,5501.1298828125,5546.22998046875,5501.1298828125,5543.22021484375,3723310000
1723815000,5530.5,5561.97998046875,5525.169921875,5554.25,3357690000
1724074200,5557.22998046875,5608.2998046875,5550.740234375,5608.25,3222050000
1724160600,5602.8798828125,5620.509765625,5585.5,5597.1201171875,2994420000
1724247000,5603.08984375,5632.68017578125,5591.56982421875,5620.85009765625,3119670000
1724333400,5637.77001953125,5643.22021484375,5560.9501953125,5570.64013671875,2981530000
1724419800,5602.490234375,5641.81982421875,5585.16015625,5634.60986328125,3291940000
1724679000,5639.66015625,5651.6201171875,5602.33984375,5616.83984375,2938570000
1724765400,5602.89013671875,5631.18017578125,5593.47998046875,5625.7998046875,2798990000
1724851800,5624.509765625,5627.02978515625,5560.9501953125,5592.18017578125,3053450000
1724938200,5607.2998046875,5646.9501953125,5583.7099609375,5591.9599609375,3065640000
1725024600,5612.740234375,5651.3701171875,5581.7900390625,5648.39990234375,4185850000
1725370200,5623.89013671875,5623.89013671875,5504.330078125,5528.93017578125,3866350000
1725456600,5506.68017578125,5552.990234375,5503.66015625,5520.06982421875,3478140000
1725543000,5520.080078125,5546.2998046875,5480.5400390625,5503.41015625,3521650000
1725629400,5507.330078125,5522.47021484375,5402.6201171875,5408.419921875,3822800000
1725888600,5442.06982421875,5484.2001953125,5434.490234375,5471.0498046875,3825940000
1725975000,5490.509765625,5497.91015625,5441.72021484375,5495.52001953125,3848180000
1726061400,5496.419921875,5560.41015625,5406.9599609375,5554.1298828125,3839450000
1726147800,5557.47998046875,5600.7099609375,5535.5,5595.759765625,3655070000
1726234200,5603.33984375,5636.27001953125,5601.64990234375,5626.02001953125,3500790000
1726493400,5615.2099609375,5636.0498046875,5604.52978515625,5633.08984375,3437070000
1726579800,5655.509765625,5670.81005859375,5614.0498046875,5634.580078125,3443600000
1726666200,5641.68017578125,5689.75,5615.080078125,5618.259765625,3691390000
1726752600,5702.6298828125,5733.56982421875,5686.419921875,5713.64013671875,4024530000
1726839000,5709.64013671875,5715.14013671875,5674.490234375,5702.5498046875,7867260000
1727098200,5711.89990234375,5725.35986328125,5704.22021484375,5718.56982421875,3529550000
1727184600,5727.66015625,5735.31982421875,5698.990234375,5732.93017578125,3872710000
1727271000,5733.64990234375,5741.02978515625,5712.06005859375,5722.259765625,3624910000
1727357400,5762.22021484375,5767.3701171875,5721.009765625,5745.3701171875,4391180000
1727443800,5755.35986328125,5763.77978515625,5727.33984375,5738.169921875,3898530000
1727703000,5726.52001953125,5765.14013671875,5703.52978515625,5762.47998046875,4425730000
1727789400,5757.72998046875,5757.72998046875,5681.27978515625,5708.75,4025180000
1727875800,5698.14013671875,5719.6298828125,5674.0,5709.5400390625,3829050000
1727962200,5698.18994140625,5718.77978515625,5677.3701171875,5699.93994140625,3597450000
1728048600,5737.47998046875,5753.2099609375,5702.830078125,5751.06982421875,3479400000
1728307800,5737.7998046875,5739.33984375,5686.85009765625,5695.93994140625,3637790000
1728394200,5719.14013671875,5757.60009765625,5714.56005859375,5751.1298828125,3393400000
1728480600,5751.7998046875,5796.7998046875,5745.02001953125,5792.0400390625,3650340000
1728567000,5778.35986328125,5795.02978515625,5764.759765625,5780.0498046875,3208790000
1728653400,5775.08984375,5822.1298828125,5775.08984375,5815.02978515625,3208720000
1728912600,5829.81005859375,5871.41015625,5829.56982421875,5859.85009765625,3005250000
1728999000,5866.740234375,5870.35986328125,5804.47998046875,5815.259765625,3882120000
1729085400,5816.580078125,5846.52001953125,5808.33984375,5842.47021484375,3467230000
1729171800,5875.6201171875,5878.4599609375,5840.25,5841.47021484375,3480010000
1729258200,5859.43017578125,5872.169921875,5846.10986328125,5864.669921875,3374490000
1729517400,5857.81982421875,5866.919921875,5824.7900390625,5853.97998046875,3407010000
1729603800,5832.7001953125,5863.0400390625,5821.169921875,5851.2001953125,3342080000
1729690200,5834.5,5834.85009765625,5762.41015625,5797.419921875,3532650000
1729776600,5817.7998046875,5817.7998046875,5784.919921875,5809.85986328125,3543030000
1729863000,5826.75,5862.81982421875,5799.97998046875,5808.1201171875,3501280000
1730122200,5833.93017578125,5842.919921875,5823.080078125,5823.52001953125,3691280000
1730208600,5819.68017578125,5847.18994140625,5802.169921875,5832.919921875,3879100000
1730295000,5832.64990234375,5850.93994140625,5811.27978515625,5813.669921875,3851120000
1730381400,5775.33984375,5775.33984375,5702.85986328125,5705.4501953125,4425660000
1730467800,5723.22021484375,5772.52001953125,5723.22021484375,5728.7998046875,3796450000
1730730600,5725.14990234375,5741.43017578125,5696.509765625,5712.68994140625,3602060000
1730817000,5722.43017578125,5783.43994140625,5722.10009765625,5782.759765625,3768310000
1730903400,5864.89013671875,5936.14013671875,5864.89013671875,5929.0400390625,6329530000
1730989800,5947.2099609375,5983.83984375,5947.2099609375,5973.10009765625,4925740000
1731076200,5976.759765625,6012.4501953125,5976.759765625,5995.5400390625,4666740000
1731335400,6008.85986328125,6017.31005859375,5986.68994140625,6001.35009765625,4333000000
1731421800,6003.60009765625,6009.919921875,5960.080078125,5983.990234375,4243400000
1731508200,5985.75,6008.18994140625,5965.91015625,5985.3798828125,4220180000
1731594600,5989.68017578125,5993.8798828125,5942.27978515625,5949.169921875,4184570000
1731681000,5912.7900390625,5915.31982421875,5853.009765625,5870.6201171875,4590960000
1731940200,5874.169921875,5908.1201171875,5865.9501953125,5893.6201171875,3983860000
1732026600,5870.0498046875,5923.509765625,5855.2900390625,5916.97998046875,4036940000
1732113000,5914.33984375,5920.669921875,5860.56005859375,5917.10986328125,3772620000
1732199400,5940.580078125,5963.31982421875,5887.259765625,5948.7099609375,4230120000
1732285800,5944.35986328125,5972.89990234375,5944.35986328125,5969.33984375,4141420000
1732545000,5992.27978515625,6020.75,5963.91015625,5987.3701171875,5633150000
1732631400,6000.02978515625,6025.419921875,5992.27001953125,6021.6298828125,3835170000
1732717800,6014.10986328125,6020.16015625,5984.8701171875,5998.740234375,3363340000
1732890600,6003.97998046875,6044.169921875,6003.97998046875,6032.3798828125,2444420000
1733149800,6040.10986328125,6053.580078125,6035.330078125,6047.14990234375,4412470000
1733236200,6042.97021484375,6052.06982421875,6033.39013671875,6049.8798828125,4095000000
1733322600,6069.39013671875,6089.83984375,6061.06005859375,6086.490234375,4003390000
1733409000,6089.02978515625,6094.5498046875,6072.89990234375,6075.10986328125,4212020000
1733495400,6081.3798828125,6099.97021484375,6079.97998046875,6090.27001953125,3924830000
1733754600,6083.009765625,6088.509765625,6048.6298828125,6052.85009765625,4556460000
1733841000,6057.58984375,6065.39990234375,6029.89013671875,6034.91015625,4048410000
1733927400,6060.14990234375,6092.58984375,6060.14990234375,6084.18994140625,4269950000
1734013800,6074.2900390625,6079.68017578125,6051.25,6051.25,3678010000
1734100200,6068.169921875,6078.580078125,6035.77001953125,6051.08984375,3584960000
1734359400,6063.7900390625,6085.18994140625,6059.14013671875,6074.080078125,4391100000
1734445800,6052.5498046875,6057.68017578125,6035.18994140625,6050.60986328125,4544500000
1734532200,6047.64990234375,6070.669921875,5867.7900390625,5872.16015625,5246960000
1734618600,5912.7099609375,5935.52001953125,5866.06982421875,5867.080078125,4896880000
1734705000,5842.0,5982.06005859375,5832.2998046875,5930.85009765625,8223220000
1734964200,5940.25,5978.25,5902.56982421875,5974.06982421875,3593280000
1735050600,5984.6298828125,6040.10009765625,5981.43994140625,6040.0400390625,1757720000
1735223400,6024.97021484375,6049.75,6007.3701171875,6037.58984375,2904530000
1735309800,6006.169921875,6006.169921875,5932.9501953125,5970.83984375,3159610000
1735569000,5920.669921875,5940.7900390625,5869.16015625,5906.93994140625,3433250000
1735655400,5919.740234375,5929.740234375,5868.85986328125,5881.6298828125,3128350000
1735828200,5903.259765625,5935.08984375,5829.52978515625,5868.5498046875,3621680000
1735914600,5891.06982421875,5949.33984375,5888.66015625,5942.47021484375,3667340000
1736173800,5982.81005859375,6021.0400390625,5960.009765625,5975.3798828125,4940120000
1736260200,5993.259765625,6000.68017578125,5890.68017578125,5909.02978515625,4517330000
1736346600,5910.66015625,5927.89013671875,5874.77978515625,5918.25,4441740000
1736519400,5890.35009765625,5890.35009765625,5807.77978515625,5827.0400390625,4751930000
1736778600,5782.02001953125,5838.60986328125,5773.31005859375,5836.22021484375,4421200000
1736865000,5859.27001953125,5871.919921875,5805.419921875,5842.91015625,4142280000
1736951400,5905.2099609375,5960.60986328125,5905.2099609375,5949.91015625,4544570000
1737037800,5963.60986328125,5964.68994140625,5930.72021484375,5937.33984375,4285810000
1737124200,5995.39990234375,6014.9599609375,5978.43994140625,5996.66015625,4366830000
1737469800,6014.1201171875,6051.509765625,6006.8798828125,6049.240234375,4702920000
1737556200,6081.39013671875,6100.81005859375,6076.1298828125,6086.3701171875,4323040000
1737642600,6076.31982421875,6118.72998046875,6074.669921875,6118.7099609375,4432250000
1737729000,6121.43017578125,6128.18017578125,6088.740234375,6101.240234375,4214250000
1737988200,5969.0400390625,6017.169921875,5962.919921875,6012.27978515625,5198750000
1738074600,6026.97021484375,6074.5400390625,5994.6298828125,6067.7001953125,4473640000
1738161000,6057.7001953125,6062.830078125,6012.9599609375,6039.31005859375,4115310000
1738247400,6050.75,6086.64013671875,6027.4599609375,6071.169921875,4634620000
1738333800,6096.7900390625,6120.91015625,6030.93017578125,6040.52978515625,4843770000
1738593000,5969.64990234375,6022.1298828125,5923.93017578125,5994.56982421875,4797210000
1738679400,5998.14013671875,6042.47998046875,5990.8701171875,6037.8798828125,4410160000
1738765800,6020.4501953125,6062.85986328125,6007.06005859375,6061.47998046875,4756250000
1738852200,6072.22021484375,6084.02978515625,6046.830078125,6083.56982421875,4847120000
1738938600,6083.1298828125,6101.27978515625,6019.9599609375,6025.990234375,4766900000
1739197800,6046.39990234375,6073.3798828125,6044.83984375,6066.43994140625,4458760000
1739284200,6049.31982421875,6076.27978515625,6042.33984375,6068.5,4324880000
1739370600,6025.080078125,6063.0,6003.0,6051.97021484375,4627960000
1739457000,6060.58984375,6116.91015625,6050.9501953125,6115.06982421875,4763800000
1739543400,6115.52001953125,6127.47021484375,6107.6201171875,6114.6298828125,4335190000
1739889000,6121.60009765625,6129.6298828125,6099.509765625,6129.580078125,4684980000
1739975400,6117.759765625,6147.43017578125,6111.14990234375,6144.14990234375,4562330000
1740061800,6134.5,6134.5,6084.58984375,6117.52001953125,4813690000
1740148200,6114.10009765625,6114.81982421875,6008.56005859375,6013.1298828125,5434560000
1740407400,6026.68994140625,6043.64990234375,5977.830078125,5983.25,4990120000
1740493800,5982.72998046875,5992.64990234375,5908.490234375,5955.25,5374690000
1740580200,5970.8701171875,6009.81982421875,5932.68994140625,5956.06005859375,4869580000
1740666600,5981.8798828125,5993.68994140625,5858.77978515625,5861.56982421875,5057680000
1740753000,5856.740234375,5959.39990234375,5837.66015625,5954.5,6441140000
1741012200,5968.330078125,5986.08984375,5810.91015625,5849.72021484375,5613850000
1741098600,5811.97998046875,5865.080078125,5732.58984375,5778.14990234375,6138110000
1741185000,5781.35986328125,5860.58984375,5742.35009765625,5842.6298828125,5285970000
1741271400,5785.8701171875,5812.080078125,5711.64013671875,5738.52001953125,5165080000
1741357800,5726.009765625,5783.009765625,5666.2900390625,5770.2001953125,5705140000
1741613400,5705.3701171875,5705.3701171875,5564.02001953125,5614.56005859375,6409370000
1741699800,5603.64990234375,5636.2998046875,5528.41015625,5572.06982421875,6221240000
1741786200,5624.83984375,5642.18994140625,5546.08984375,5599.2998046875,5219830000
1741872600,5594.4501953125,5597.77978515625,5504.64990234375,5521.52001953125,5018980000
1741959000,5563.85009765625,5645.27001953125,5563.85009765625,5638.93994140625,4863180000
1742218200,5635.60009765625,5703.52001953125,5631.1201171875,5675.1201171875,5031770000
1742304600,5654.52978515625,5654.52978515625,5597.759765625,5614.66015625,4666270000
1742391000,5632.3701171875,5715.330078125,5622.2001953125,5675.2900390625,4660090000
1742477400,5646.919921875,5711.14990234375,5632.330078125,5662.89013671875,4678420000
1742563800,5630.72998046875,5670.83984375,5603.10009765625,5667.56005859375,9367460000
1742823000,5718.080078125,5775.14013671875,5718.080078125,5767.56982421875,4517990000
1742909400,5775.9599609375,5786.9501953125,5760.419921875,5776.64990234375,4467340000
1742995800,5771.66015625,5783.6201171875,5694.41015625,5712.2001953125,4183140000
1743082200,5695.64013671875,5732.27978515625,5670.93994140625,5693.31005859375,4403460000
1743168600,5679.2001953125,5685.89013671875,5572.419921875,5580.93994140625,4513330000
1743427800,5527.91015625,5627.56005859375,5488.72998046875,5611.85009765625,5257250000
1743514200,5597.52978515625,5650.56982421875,5558.52001953125,5633.06982421875,4434500000
1743600600,5580.759765625,5695.31005859375,5571.47998046875,5670.97021484375,4243830000
1743687000,5492.740234375,5499.52978515625,5390.830078125,5396.52001953125,7210470000
1743773400,5292.14013671875,5292.14013671875,5069.89990234375,5074.080078125,8853500000
1744032600,4953.7900390625,5246.56982421875,4835.0400390625,5062.25,8691980000
1744119000,5193.56982421875,5267.47021484375,4910.419921875,4982.77001953125,7408140000
1744205400,4965.27978515625,5481.33984375,4948.43017578125,5456.89990234375,9489600000
1744291800,5353.14990234375,5353.14990234375,5115.27001953125,5268.0498046875,6677140000
1744378200,5255.56005859375,5381.4599609375,5220.77001953125,5363.35986328125,5602550000
1744637400,5441.9599609375,5459.4599609375,5358.02001953125,5405.97021484375,5031440000
1744723800,5411.990234375,5450.41015625,5386.43994140625,5396.6298828125,4317110000
1744810200,5335.75,5367.240234375,5220.7900390625,5275.7001953125,4607750000
1744896600,5305.4501953125,5328.31005859375,5255.580078125,5282.7001953125,4714880000
1745242200,5232.93994140625,5232.93994140625,5101.6298828125,5158.2001953125,4226340000
1745328600,5207.669921875,5309.60986328125,5207.669921875,5287.759765625,4666950000
1745415000,5395.919921875,5469.68994140625,5356.169921875,5375.85986328125,5371390000
1745501400,5381.3798828125,5489.39990234375,5371.9599609375,5484.77001953125,4697710000
1745587800,5489.72998046875,5528.10986328125,5455.85986328125,5525.2099609375,4236580000
1745847000,5529.22021484375,5553.66015625,5468.64013671875,5528.75,4257880000
1745933400,5508.8701171875,5571.9501953125,5505.7001953125,5560.830078125,4747150000
1746019800,5499.43994140625,5581.83984375,5433.240234375,5569.06005859375,5449490000
1746106200,5625.14013671875,5658.91015625,5597.35009765625,5604.14013671875,4935270000
1746192600,5645.8798828125,5700.7001953125,5642.27978515625,5686.669921875,4854380000
1746451800,5655.31982421875,5683.3798828125,5634.47998046875,5650.3798828125,4358260000
1746538200,5605.8701171875,5649.580078125,5586.0400390625,5606.91015625,4717260000
1746624600,5614.18017578125,5654.72998046875,5578.64013671875,5631.27978515625,4987440000
1746711000,5663.60009765625,5720.10009765625,5635.3798828125,5663.93994140625,5627400000
1746797400,5679.64990234375,5691.68994140625,5644.14990234375,5659.91015625,4645090000
1747056600,5807.2001953125,5845.3701171875,5786.080078125,5844.18994140625,6014580000
1747143000,5854.14990234375,5906.64013671875,5845.02001953125,5886.5498046875,5516290000
1747229400,5896.740234375,5906.5498046875,5872.10986328125,5892.580078125,5233450000
1747315800,5869.81982421875,5924.2099609375,5865.16015625,5916.93017578125,4991290000
1747402200,5929.08984375,5958.6201171875,5907.35986328125,5958.3798828125,4850850000
1747661400,5902.8798828125,5968.60986328125,5895.68994140625,5963.60009765625,4144010000
1747747800,5944.66015625,5953.06005859375,5909.259765625,5940.4599609375,4416850000
1747834200,5910.18017578125,5938.3701171875,5830.91015625,5844.60986328125,5254250000
1747920600,5841.259765625,5878.080078125,5825.81982421875,5842.009765625,5157050000
1748007000,5781.89013671875,5829.509765625,5767.41015625,5802.81982421875,4662820000
1748352600,5854.06982421875,5924.330078125,5854.06982421875,5921.5400390625,5366380000
1748439000,5925.5400390625,5939.919921875,5881.8798828125,5888.5498046875,4665050000
1748525400,5939.9599609375,5943.1298828125,5873.7998046875,5912.169921875,4569750000
1748611800,5903.669921875,5922.14013671875,5843.66015625,5911.68994140625,6378540000
1748871000,5896.68017578125,5937.39990234375,5861.43017578125,5935.93994140625,4832240000
1748957400,5938.56005859375,5981.35009765625,5929.0,5970.3701171875,5026680000
1749043800,5978.93994140625,5990.47998046875,5966.10986328125,5970.81005859375,4767050000
1749130200,5985.669921875,5999.7001953125,5921.2001953125,5939.2998046875,5091850000
1749216600,5987.06005859375,6016.8701171875,5978.6298828125,6000.35986328125,4355710000
1749475800,6004.6298828125,6021.31005859375,5994.18017578125,6005.8798828125,4642360000
1749562200,6009.91015625,6043.009765625,6000.27978515625,6038.81005859375,4882880000
1749648600,6049.3798828125,6059.39990234375,6002.31982421875,6022.240234375,5111550000
1749735000,6009.89990234375,6045.43017578125,6003.8798828125,6045.259765625,4669500000
1749821400,6000.56005859375,6026.16015625,5963.2099609375,5976.97021484375,5258910000
1750080600,6004.0,6050.830078125,6004.0,6033.10986328125,5111710000
1750167000,6012.14990234375,6023.25,5974.7998046875,5982.72021484375,4955700000
1750253400,5987.93017578125,6018.25,5971.89013671875,5980.8701171875,5106470000
1750426200,5999.669921875,6018.2001953125,5952.56005859375,5967.83984375,7451500000
1750685400,5969.669921875,6028.77001953125,5943.22998046875,6025.169921875,5597000000
1750771800,6061.2099609375,6101.759765625,6059.25,6092.18017578125,5443690000
1750858200,6104.22998046875,6108.509765625,6080.08984375,6092.16015625,5171110000
1750944600,6112.08984375,6146.52001953125,6107.27001953125,6141.02001953125,5308140000
1751031000,6150.7001953125,6187.68017578125,6132.35009765625,6173.06982421875,7889350000
1751290200,6193.35986328125,6215.080078125,6174.97021484375,6204.9501953125,5782900000
1751376600,6187.25,6210.77978515625,6177.97021484375,6198.009765625,6275310000
1751463000,6193.8798828125,6227.60009765625,6188.2900390625,6227.419921875,5645710000
1751549400,6246.4599609375,6284.64990234375,6246.4599609375,6279.35009765625,3378110000
1751895000,6259.0400390625,6262.06982421875,6201.0,6229.97998046875,5236740000
1751981400,6234.02978515625,6242.7001953125,6217.75,6225.52001953125,5739030000
1752067800,6243.330078125,6269.16015625,6231.43017578125,6263.259765625,4813340000
1752154200,6266.7998046875,6290.22021484375,6251.43994140625,6280.4599609375,5367350000
1752240600,6255.68017578125,6269.43994140625,6237.60009765625,6259.75,4656210000
1752499800,6255.14990234375,6273.31005859375,6239.22021484375,6268.56005859375,4722250000
1752586200,6295.2900390625,6302.0400390625,6241.68017578125,6243.759765625,5133670000
1752672600,6254.5,6268.1201171875,6201.58984375,6263.7001953125,5177460000
1752759000,6263.39990234375,6304.68994140625,6262.27001953125,6297.35986328125,5512290000
1752845400,6312.9501953125,6315.60986328125,6285.27001953125,6296.7900390625,5184700000
1753104600,6304.740234375,6336.080078125,6303.7900390625,6305.60009765625,5010840000
1753191000,6306.60009765625,6316.1201171875,6281.7099609375,6309.6201171875,5662040000
1753277400,6326.89990234375,6360.64013671875,6317.490234375,6358.91015625,5642510000
1753363800,6368.60009765625,6381.31005859375,6360.56982421875,6363.35009765625,5282720000
1753450200,6370.009765625,6395.81982421875,6368.52978515625,6388.64013671875,4470720000
1753709400,6397.68994140625,6401.06982421875,6375.7900390625,6389.77001953125,4565620000
1753795800,6405.6201171875,6409.259765625,6363.919921875,6370.85986328125,5076120000
1753882200,6381.22998046875,6396.5400390625,6336.3798828125,6362.89990234375,5375070000
1753968600,6427.02001953125,6427.02001953125,6327.64013671875,6339.39013671875,6077080000
1754055000,6287.27978515625,6287.27978515625,6212.68994140625,6238.009765625,5827150000
1754314200,6271.7099609375,6330.68994140625,6271.7099609375,6329.93994140625,4842580000
1754400600,6336.6298828125,6346.0,6289.3701171875,6299.18994140625,5517410000
1754487000,6309.2998046875,6352.830078125,6301.10986328125,6345.06005859375,5408560000
1754573400,6374.31982421875,6389.7099609375,6310.31982421875,6340.0,5306090000
1754659800,6355.22021484375,6395.16015625,6355.22021484375,6389.4501953125,4769910000
1754919000,6389.669921875,6407.25,6364.06005859375,6373.4501953125,4652400000
1755005400,6395.169921875,6446.5498046875,6385.759765625,6445.759765625,5135300000
1755091800,6462.669921875,6480.27978515625,6445.02001953125,6466.580078125,5195950000
1755178200,6453.4599609375,6473.919921875,6441.06982421875,6468.5400390625,4462050000
1755264600,6477.3798828125,6481.33984375,6441.85009765625,6449.7998046875,4575060000
1755523800,6445.02001953125,6455.35009765625,6437.7001953125,6449.14990234375,4162290000
1755610200,6446.240234375,6456.47998046875,6400.22021484375,6411.3701171875,4377440000
1755696600,6406.6201171875,6408.39990234375,6343.85986328125,6395.77978515625,4470390000
1755783000,6380.830078125,6393.64990234375,6352.7099609375,6370.169921875,4013560000
1755869400,6384.58984375,6478.89013671875,6384.58984375,6466.91015625,5046860000
1756128600,6457.669921875,6466.89013671875,6438.06005859375,6439.31982421875,4059070000
1756215000,6435.490234375,6468.3701171875,6429.2099609375,6465.93994140625,4867680000
1756301400,6462.259765625,6487.06005859375,6457.83984375,6481.39990234375,4143680000
1756387800,6483.83984375,6508.22998046875,6466.9599609375,6501.85986328125,4283760000
1756474200,6489.27978515625,6491.759765625,6444.56982421875,6460.259765625,4234840000
1756819800,6401.509765625,6416.5400390625,6360.580078125,6415.5400390625,4784000000
1756906200,6445.81982421875,6453.669921875,6416.169921875,6448.259765625,4465360000
1756992600,6456.60009765625,6502.5400390625,6445.97998046875,6502.080078125,4670770000
1757079000,6529.080078125,6532.64990234375,6443.97998046875,6481.5,5066120000
1757338200,6498.08984375,6508.669921875,6483.2900390625,6495.14990234375,5211500000
1757424600,6503.330078125,6518.22998046875,6483.080078125,6512.60986328125,4798350000
1757511000,6550.2900390625,6555.97021484375,6516.33984375,6532.0400390625,5253010000
1757597400,6554.41015625,6592.89013671875,6545.7998046875,6587.47021484375,5426460000
1757683800,6590.66015625,6600.2099609375,6579.490234375,6584.2900390625,4641640000
1757943000,6603.490234375,6619.6201171875,6602.06982421875,6615.27978515625,5045020000
1758029400,6624.1298828125,6626.990234375,6600.10986328125,6606.759765625,5359510000
1758115800,6604.8701171875,6624.39013671875,6551.14990234375,6600.35009765625,5805340000
1758202200,6626.85009765625,6656.7998046875,6611.89013671875,6631.9599609375,5292400000
1758288600,6647.10986328125,6671.81982421875,6630.31005859375,6664.35986328125,9125960000
1758547800,6654.27978515625,6698.8798828125,6648.06982421875,6693.75,5642620000
1758634200,6692.43994140625,6699.52001953125,6645.580078125,6656.919921875,5633620000
1758720600,6669.7900390625,6672.66015625,6621.759765625,6637.97021484375,5459180000
1758807000,6608.18994140625,6619.0,6569.22021484375,6604.72021484375,5874670000
1758893400,6615.3798828125,6648.97021484375,6604.43017578125,6643.7001953125,5103110000
1759152600,6661.580078125,6677.31005859375,6644.490234375,6661.2099609375,5358760000
1759239000,6656.18994140625,6691.25,6641.0,6688.4599609375,6057210000
1759325400,6664.919921875,6718.47998046875,6656.2001953125,6711.2001953125,6037950000
1759411800,6731.31005859375,6731.93994140625,6693.22998046875,6715.35009765625,5416130000
1759498200,6722.14013671875,6750.8701171875,6705.669921875,6715.7900390625,5713110000
1759757400,6733.85986328125,6749.52001953125,6717.77978515625,6740.27978515625,5604460000
1759843800,6746.14013671875,6754.490234375,6699.9599609375,6714.58984375,5546150000
1759930200,6723.8701171875,6755.64013671875,6718.08984375,6753.72021484375,5383130000
1760016600,6760.5,6764.580078125,6716.169921875,6735.10986328125,5385020000
1760103000,6740.490234375,6762.39990234375,6550.77978515625,6552.509765625,6596610000
1760362200,6622.52978515625,6668.68017578125,6620.7099609375,6654.72021484375,5303960000
1760448600,6602.490234375,6680.7001953125,6555.06982421875,6644.31005859375,5666920000
1760535000,6688.27001953125,6724.1201171875,6612.10986328125,6671.06005859375,5633060000
1760621400,6689.02001953125,6709.33984375,6593.990234375,6629.06982421875,6048180000
1760707800,6613.27001953125,6678.8798828125,6603.759765625,6664.009765625,5358120000
1760967000,6690.0498046875,6744.35009765625,6690.0498046875,6735.1298828125,4672170000
1761053400,6736.75,6752.16015625,6722.02978515625,6735.35009765625,5245020000
1761139800,6741.33984375,6741.75,6655.68994140625,6699.39990234375,5710010000
1761226200,6703.64990234375,6749.52978515625,6700.14013671875,6738.43994140625,5565750000
1761312600,6772.06982421875,6807.10986328125,6772.06982421875,6791.68994140625,5058220000
1761571800,6845.4599609375,6877.27978515625,6843.93994140625,6875.16015625,5290650000
1761658200,6897.740234375,6911.2998046875,6870.72998046875,6890.89013671875,5695930000
1761744600,6910.9501953125,6920.33984375,6851.91015625,6890.58984375,6280130000
1761831000,6860.5,6880.75,6820.68994140625,6822.33984375,6052700000
1761917400,6879.169921875,6879.169921875,6814.259765625,6840.2001953125,6398280000
1762180200,6882.31982421875,6882.31982421875,6820.6201171875,6851.97021484375,6065720000
1762266600,6788.52001953125,6820.2099609375,6766.7099609375,6771.5498046875,5739510000
1762353000,6769.77001953125,6829.77978515625,6763.10986328125,6796.2900390625,5939600000
1762439400,6787.58984375,6796.68017578125,6707.509765625,6720.31982421875,6051900000
1762525800,6696.18017578125,6730.10986328125,6631.43994140625,6728.7998046875,5926070000
1762785000,6785.35986328125,6841.31982421875,6770.56005859375,6832.43017578125,5366050000
1762871400,6815.64013671875,6855.1298828125,6806.8701171875,6846.60986328125,4983490000
1762957800,6867.77001953125,6869.91015625,6829.6201171875,6850.919921875,5293610000
1763044200,6826.47021484375,6828.0498046875,6724.72021484375,6737.490234375,5473720000
1763130600,6672.14013671875,6774.31005859375,6646.8701171875,6734.10986328125,5042660000
1763389800,6713.60986328125,6754.5,6638.89990234375,6672.41015625,5204220000
1763476200,6641.18994140625,6666.6298828125,6574.31982421875,6617.31982421875,5159390000
1763562600,6625.83984375,6689.75,6603.5,6642.16015625,5021610000
1763649000,6737.93017578125,6770.35009765625,6534.0498046875,6538.759765625,5596080000
1763735400,6555.77001953125,6660.0498046875,6521.919921875,6602.990234375,5929930000
1763994600,6636.5400390625,6715.75,6630.7001953125,6705.1201171875,6039740000
1764081000,6697.02978515625,6776.39990234375,6659.97998046875,6765.8798828125,5003330000
1764167400,6793.5498046875,6831.43994140625,6783.8701171875,6812.60986328125,4485000000
1764340200,6822.52001953125,6850.85986328125,6819.75,6849.08984375,2558540000
1764599400,6812.2998046875,6843.64990234375,6799.93994140625,6812.6298828125,4549370000
1764685800,6830.9599609375,6851.5498046875,6806.7099609375,6829.3701171875,4582290000
1764772200,6815.2900390625,6862.419921875,6810.43017578125,6849.72021484375,4736780000
1764858600,6866.47021484375,6866.47021484375,6827.1201171875,6857.1201171875,4872440000
1764945000,6866.31982421875,6895.77978515625,6858.2900390625,6870.39990234375,4944560000
1765204200,6875.2001953125,6878.27001953125,6827.18994140625,6846.509765625,4757130000
1765290600,6840.60986328125,6864.919921875,6837.43017578125,6840.509765625,4508050000
1765377000,6833.490234375,6900.669921875,6824.68994140625,6886.68017578125,5526570000
1765463400,6861.2998046875,6903.4599609375,6833.4501953125,6901.0,5021060000
1765549800,6886.85009765625,6899.85009765625,6801.7900390625,6827.41015625,4910160000
1765809000,6860.18994140625,6861.58984375,6801.490234375,6816.509765625,4975600000
1765895400,6800.1201171875,6819.27001953125,6759.740234375,6800.259765625,4983180000
1765981800,6802.8798828125,6812.259765625,6720.43017578125,6721.43017578125,5122120000
1766068200,6778.06005859375,6816.1298828125,6758.5,6774.759765625,5101190000
1766154600,6792.6201171875,6840.02001953125,6792.6201171875,6834.5,8554470000
1766413800,6865.2099609375,6882.02978515625,6855.740234375,6878.490234375,4465030000
1766500200,6872.41015625,6910.8798828125,6868.81005859375,6909.7900390625,3820560000
1766586600,6904.91015625,6937.31982421875,6904.91015625,6932.0498046875,1798270000
1766759400,6936.02001953125,6945.77001953125,6921.60009765625,6929.93994140625,2586550000
1767018600,6903.60009765625,6920.2099609375,6888.759765625,6905.740234375,3541750000
1767105000,6900.43994140625,6913.25,6893.47021484375,6896.240234375,3309930000
1767191400,6898.81982421875,6901.419921875,6844.5498046875,6845.5,3261830000
1767364200,6878.10986328125,6894.8701171875,6824.31005859375,6858.47021484375,4184120000
